INSERT INTO cities (name, cou_name_en) VALUES ('Sforzacosta', 'Italy'), ('Settimo Vittone', 'Italy'), ('Sennori', 'Italy'), ('Segni', 'Italy'), ('Secondigliano', 'Italy'), ('Scoppito', 'Italy'), ('Scarnafigi', 'Italy'), ('Savona', 'Italy'), ('Satriano di Lucania', 'Italy'), ('Sasso di Castalda', 'Italy'), ('Sarezzano', 'Italy'), ('San Vincenzo Valle Roveto', 'Italy'), ('San Stino di Livenza', 'Italy'), ('Santerno', 'Italy'), ('Santa Margherita Ligure', 'Italy'), ('San Polo', 'Italy'), ('San Piero in Bagno', 'Italy'), ('San Paolo Albanese', 'Italy'), ('San Mauro Pascoli', 'Italy'), ('San Maurizio D'Opaglio', 'Italy'), ('San Marco in Lamis', 'Italy'), ('San Leonardo in Passiria', 'Italy'), ('San Donaci', 'Italy'), ('San Biagio di Callalta', 'Italy'), ('San Benedetto in Perillis', 'Italy'), ('San Bartolomeo in Galdo', 'Italy'), ('Saccolongo', 'Italy'), ('Sabbia', 'Italy'), ('Sabaudia', 'Italy'), ('Rufina', 'Italy'), ('Rovato', 'Italy'), ('Rive d'Arcano', 'Italy'), ('Rionero Sannitico', 'Italy'), ('Rezzoaglio', 'Italy'), ('Rezzo', 'Italy'), ('Ravarino', 'Italy'), ('Prato Sesia', 'Italy'), ('Pratola Peligna', 'Italy'), ('Possagno', 'Italy'), ('Portovenere', 'Italy'), ('Porto San Giorgio', 'Italy'), ('Poppi', 'Italy'), ('Ponte A Elsa', 'Italy'), ('Poggio Renatico', 'Italy'), ('Pofi', 'Italy'), ('Pisoniano', 'Italy'), ('Pimonte', 'Italy'), ('Pieve Torina', 'Italy'), ('Pieve', 'Italy'), ('Piegaro', 'Italy'), ('Pianezze', 'Italy'), ('Piancastagnaio', 'Italy'), ('Pian Camuno', 'Italy'), ('Lama Pezzoli', 'Italy'), ('Pettinengo', 'Italy'), ('Pessina Cremonese', 'Italy'), ('Pescosolido', 'Italy'), ('Penna Sant'Andrea', 'Italy'), ('Paullo', 'Italy'), ('Passarella', 'Italy'), ('Parzanica', 'Italy'), ('Palombara Sabina', 'Italy'), ('Palinuro', 'Italy'), ('Palanzano', 'Italy'), ('Padula', 'Italy'), ('Ostellato', 'Italy'), ('Ospedaletto d'Alpinolo', 'Italy'), ('Osoppo', 'Italy'), ('Orune', 'Italy'), ('Ortisei', 'Italy'), ('Olginate', 'Italy'), ('Nova Ponente', 'Italy'), ('Nocera Superiore', 'Italy'), ('Murazzano', 'Italy'), ('Mulazzo', 'Italy'), ('Montieri', 'Italy'), ('Montichiari', 'Italy'), ('Monteviale', 'Italy'), ('Montese', 'Italy'), ('Monte San Biagio', 'Italy'), ('Monte Roberto', 'Italy'), ('Monteiasi', 'Italy'), ('Montegiorgio', 'Italy'), ('Montefredane', 'Italy'), ('Montalcino', 'Italy'), ('Mezzoldo', 'Italy'), ('Mestrino', 'Italy'), ('Mercallo', 'Italy'), ('Meolo', 'Italy'), ('Massazza', 'Italy'), ('Massa', 'Italy'), ('Marco', 'Italy'), ('Marcignana', 'Italy'), ('Marano Lagunare', 'Italy'), ('Mara', 'Italy'), ('Malgrate', 'Italy'), ('Magliano in Toscana', 'Italy'), ('Luzzana', 'Italy'), ('Lugagnano', 'Italy'), ('Lucinasco', 'Italy'), ('Loculi', 'Italy'), ('Loano', 'Italy'), ('Lerici', 'Italy'), ('La Maddalena', 'Italy'), ('Lagonegro', 'Italy'), ('Isola del Liri', 'Italy'), ('Imperia', 'Italy'), ('Grignasco', 'Italy'), ('Gradoli', 'Italy'), ('Genzano di Lucania', 'Italy'), ('Gambassi Terme', 'Italy'), ('Fonzaso', 'Italy'), ('Fontanetto Po', 'Italy'), ('Fiume Veneto', 'Italy'), ('Ferrada', 'Italy'), ('Farra di Soligo', 'Italy'), ('Falvaterra', 'Italy'), ('Falmenta', 'Italy'), ('Fabrica di Roma', 'Italy'), ('Episcopia', 'Italy'), ('Entracque', 'Italy'), ('Denno', 'Italy'), ('Dambel', 'Italy'), ('Cusano', 'Italy'), ('Crugnola', 'Italy'), ('Crema', 'Italy'), ('Cortemilia', 'Italy'), ('Cormano', 'Italy'), ('Coriano', 'Italy'), ('Colturano', 'Italy'), ('Cologna Veneta', 'Italy'), ('Collevecchio', 'Italy'), ('Collegiove', 'Italy'), ('Cicognolo', 'Italy'), ('Cervere', 'Italy'), ('Cerreto d'Esi', 'Italy'), ('Cerano', 'Italy'), ('Celenza Valfortore', 'Italy'), ('Ceggia', 'Italy'), ('Cavriana', 'Italy'), ('Cavezzo', 'Italy'), ('Cave', 'Italy'), ('Castel Vittorio', 'Italy'), ('Castel San Niccolo', 'Italy'), ('Castelnuovo Don Bosco', 'Italy'), ('Castelnuovo Berardenga', 'Italy'), ('Castel Maggiore', 'Italy'), ('Castello di Godego', 'Italy'), ('Casteldelfino', 'Italy'), ('Castel Condino', 'Italy'), ('Cassacco', 'Italy'), ('Casasco', 'Italy'), ('Casapulla', 'Italy'), ('Capri', 'Italy'), ('Caprarica di Lecce', 'Italy'), ('Cantalupo Ligure', 'Italy'), ('Canneto Pavese', 'Italy'), ('Campochiaro', 'Italy'), ('Campiglia Cervo', 'Italy'), ('Camparada', 'Italy'), ('Calvenzano', 'Italy'), ('Cagnano Varano', 'Italy'), ('Cadelbosco di Sopra', 'Italy'), ('Buonalbergo', 'Italy'), ('Buccino', 'Italy'), ('Brosso', 'Italy'), ('Boscoreale', 'Italy'), ('Borgo Santa Maria', 'Italy'), ('Borgo Podgora', 'Italy'), ('Boffalora Sopra Ticino', 'Italy'), ('Darfo Boario Terme', 'Italy'), ('Bibano', 'Italy'), ('Berchidda', 'Italy'), ('Belmonte Castello', 'Italy'), ('Beinasco', 'Italy'), ('Bassignana', 'Italy'), ('Barete', 'Italy'), ('Bagnoli', 'Italy'), ('Rabbi Fonti', 'Italy'), ('Baceno', 'Italy'), ('Avigliana', 'Italy'), ('Arsiero', 'Italy'), ('Arpaia', 'Italy'), ('Arborio', 'Italy'), ('Anzio', 'Italy'), ('Antrodoco', 'Italy'), ('Annone Veneto', 'Italy'), ('Ameglia', 'Italy'), ('Amaseno', 'Italy'), ('Amalfi', 'Italy'), ('Almese-Rivera', 'Italy'), ('Albuzzano', 'Italy'), ('Albiano Magra', 'Italy'), ('Alatri', 'Italy'), ('Aielli', 'Italy'), ('Agnone', 'Italy'), ('Accumoli', 'Italy'), ('Accettura', 'Italy'), ('Abetone', 'Italy'), ('Abbasanta', 'Italy'), ('Orsago', 'Italy'), ('Povegliano', 'Italy'), ('Mediglia', 'Italy'), ('Arcisate', 'Italy'), ('Frignano', 'Italy'), ('Brozolo', 'Italy'), ('Campiglione', 'Italy'), ('Roddi', 'Italy'), ('Pinasca-Dubbione', 'Italy'), ('Castel Boglione', 'Italy'), ('Conzano', 'Italy'), ('Agliano Terme', 'Italy'), ('Bodio Lomnago', 'Italy'), ('Bresimo', 'Italy'), ('Verretto', 'Italy'), ('Caines - Kuens', 'Italy'), ('Maniace', 'Italy'), ('Mezzana Mortigliengo', 'Italy'), ('Villar San Costanzo', 'Italy'), ('Albugnano', 'Italy'), ('Soglio', 'Italy'), ('Cuasso al Monte', 'Italy'), ('Gessate', 'Italy'), ('Boltiere', 'Italy'), ('Marcignago', 'Italy'), ('Gualdo', 'Italy'), ('Giuncugnano', 'Italy'), ('Mele', 'Italy'), ('Talamona', 'Italy'), ('Pontoglio', 'Italy'), ('Frassilongo', 'Italy'), ('Villa Sant'Antonio', 'Italy'), ('Ronco Biellese', 'Italy'), ('Sagliano Micca', 'Italy'), ('Cervignano d'Adda', 'Italy'), ('Filandari', 'Italy'), ('Castagnole Piemonte', 'Italy'), ('Casalbeltrame', 'Italy'), ('Cureggio', 'Italy'), ('Canosio', 'Italy'), ('Cerreto Langhe', 'Italy'), ('Farigliano', 'Italy'), ('Frabosa Sottana', 'Italy'), ('Cerreto Grue', 'Italy'), ('San Germano dei Berici', 'Italy'), ('Monte Porzio', 'Italy'), ('Roppolo', 'Italy'), ('Ello', 'Italy'), ('Somaglia', 'Italy'), ('Ruino', 'Italy'), ('Trausella', 'Italy'), ('Lisio', 'Italy'), ('Cavagnolo', 'Italy'), ('Scena - Schenna', 'Italy'), ('Triscina', 'Italy'), ('Villa Fornace', 'Italy'), ('Trestina', 'Italy'), ('San Giacomo', 'Italy'), ('San Nicolo a Tordino', 'Italy'), ('Toscanella', 'Italy'), ('Casette d'Ete', 'Italy'), ('S.P. in Palazzi', 'Italy'), ('Monte Migliore La Selvotta', 'Italy'), ('Caldine', 'Italy'), ('Piediripa', 'Italy'), ('Galta', 'Italy'), ('Villa Musone', 'Italy'), ('Zoccorino-Vergo', 'Italy'), ('Roreto', 'Italy'), ('Marcellina', 'Italy'), ('Santo Stefano', 'Italy'), ('Case Campoli-Panetta', 'Italy'), ('Niviano', 'Italy'), ('Strada', 'Italy'), ('Sam Marino', 'Italy'), ('Tetti Neirotti', 'Italy'), ('Capriglia', 'Italy'), ('Fuorni', 'Italy'), ('Cantinella', 'Italy'), ('Foresta', 'Italy'), ('Triginto', 'Italy'), ('Cartiera-Stazione', 'Italy'), ('Campese', 'Italy'), ('Stradella', 'Italy'), ('Santa Croce Scuole', 'Italy'), ('Lassolaz', 'Italy'), ('Centro Urbano', 'Italy'), ('Fleccia-Chianavasso', 'Italy'), ('Camerana', 'Italy'), ('Ghiaie', 'Italy'), ('Chiusi Scalo', 'Italy'), ('Ca' Morosini', 'Italy'), ('Mappano', 'Italy'), ('Buff Bay', 'Jamaica'), ('Umm al Jimal', 'Jordan'), ('Mulayh', 'Jordan'), ('Zarqa', 'Jordan'), ('Al Khinzirah', 'Jordan'), ('Al Juwayyidah', 'Jordan'), ('Adir', 'Jordan'), ('Yukuhashi', 'Japan'), ('Yokkaichi', 'Japan'), ('Yamazakicho-nakabirose', 'Japan'), ('Yamakita', 'Japan'), ('Tokuyama', 'Japan'), ('Tenri', 'Japan'), ('Sueyoshicho-ninokata', 'Japan'), ('Bajo Naranjillo', 'Peru'), ('Jacas Grande', 'Peru'), ('Cayhuayna', 'Peru'), ('Alto Salaverry', 'Peru'), ('Rikitea', 'French Polynesia'), ('Hitiaa', 'French Polynesia'), ('Yeban Norte', 'Philippines'), ('Wao', 'Philippines'), ('Valle Hermoso', 'Philippines'), ('Ubay', 'Philippines'), ('Toritori', 'Philippines'), ('Tamayong', 'Philippines'), ('Tipolo', 'Philippines'), ('Tiaong', 'Philippines'), ('Telabastagan', 'Philippines'), ('Taysan', 'Philippines'), ('Tapel', 'Philippines'), ('Talavera', 'Philippines'), ('Tagoytoy', 'Philippines'), ('Tagana-an', 'Philippines'), ('Tabio', 'Philippines'), ('Sumisip', 'Philippines'), ('Solsona', 'Philippines'), ('Sinuknipan', 'Philippines'), ('Silongin', 'Philippines'), ('Silae', 'Philippines'), ('San Vicente', 'Philippines'), ('San Vicente', 'Philippines'), ('Santo Tomas', 'Philippines'), ('Santa Nino', 'Philippines'), ('Santiago', 'Philippines'), ('Santander Poblacion', 'Philippines'), ('Santa Maria', 'Philippines'), ('San Roque Dau First', 'Philippines'), ('San Roque', 'Philippines'), ('San Roque', 'Philippines'), ('San Policarpo', 'Philippines'), ('San Miguel', 'Philippines'), ('San Mateo', 'Philippines'), ('Sankanan', 'Philippines'), ('San Juan', 'Philippines'), ('San Jose', 'Philippines'), ('San Jose', 'Philippines'), ('San Jacinto', 'Philippines'), ('San Francisco', 'Philippines'), ('San Felipe Old', 'Philippines'), ('San Fabian', 'Philippines'), ('Saint Bernard', 'Philippines'), ('Sagana', 'Philippines'), ('Rizal', 'Philippines'), ('Quezon', 'Philippines'), ('Puting Kahoy', 'Philippines'), ('Pualas', 'Philippines'), ('Prosperidad', 'Philippines'), ('Pena', 'Philippines'), ('Pasacao', 'Philippines'), ('Pansol', 'Philippines'), ('Panlaitan', 'Philippines'), ('Panayacan', 'Philippines'), ('Palanas', 'Philippines'), ('Paitan Este', 'Philippines'), ('Ormoc', 'Philippines'), ('Nueva Valencia', 'Philippines'), ('Muti', 'Philippines'), ('Motiong', 'Philippines'), ('Mondragon', 'Philippines'), ('Monbon', 'Philippines'), ('Mianay', 'Philippines'), ('Mendez-Nunez', 'Philippines'), ('Maulawin', 'Philippines'), ('Maticmatic', 'Philippines'), ('Mataywanac', 'Philippines'), ('Masinloc', 'Philippines'), ('Masbate', 'Philippines'), ('Mariano', 'Philippines'), ('Manukan', 'Philippines'), ('Manay', 'Philippines'), ('Maloh', 'Philippines'), ('Malitbog', 'Philippines'), ('Malita', 'Philippines'), ('Malasiqui', 'Philippines'), ('Malaiba', 'Philippines'), ('Mahanob', 'Philippines'), ('Maguilling', 'Philippines'), ('Magtangol', 'Philippines'), ('Magsaysay', 'Philippines'), ('Maglamin', 'Philippines'), ('Magatos', 'Philippines'), ('Madalag', 'Philippines'), ('Maasin', 'Philippines'), ('Lourdes', 'Philippines'), ('Limbo', 'Philippines'), ('Limbaan', 'Philippines'), ('Libjo', 'Philippines'), ('Leones East', 'Philippines'), ('Lemery', 'Philippines'), ('Larap', 'Philippines'), ('Larap', 'Philippines'), ('Lapolapo', 'Philippines'), ('Tairan Camp', 'Philippines'), ('Lanat', 'Philippines'), ('Lanas', 'Philippines'), ('Lamba', 'Philippines'), ('Labayug', 'Philippines'), ('Kolape', 'Philippines'), ('Kitobo', 'Philippines'), ('Kalilangan', 'Philippines'), ('Kalandagan', 'Philippines'), ('Jetafe', 'Philippines'), ('Janiuay', 'Philippines'), ('Isabang', 'Philippines'), ('Inobulan', 'Philippines'), ('Himensulan', 'Philippines'), ('Harrison', 'Philippines'), ('Haligue', 'Philippines'), ('Guijalo', 'Philippines'), ('Guagua', 'Philippines'), ('Gocoton', 'Philippines'), ('Gines-Patay', 'Philippines'), ('Gappal', 'Philippines'), ('Gamu', 'Philippines'), ('Fuerte', 'Philippines'), ('Evangelista', 'Philippines'), ('Esperanza', 'Philippines'), ('Esperanza', 'Philippines'), ('Esperanza', 'Philippines'), ('Dulangan', 'Philippines'), ('Diplahan', 'Philippines'), ('Dipolo', 'Philippines'), ('Dinalupihan', 'Philippines'), ('Dimasalang', 'Philippines'), ('Dicabisagan', 'Philippines'), ('Viejo Daan Banua', 'Philippines'), ('Cavite', 'Philippines'), ('Casiguran', 'Philippines'), ('Camp Flora', 'Philippines'), ('Calape', 'Philippines'), ('Cagamotan', 'Philippines'), ('Cabusao', 'Philippines'), ('Cabalawan', 'Philippines'), ('Busdi', 'Philippines'), ('Bunguiao', 'Philippines'), ('Buluang', 'Philippines'), ('Botigues', 'Philippines'), ('Bongued', 'Philippines'), ('Bolitoc', 'Philippines'), ('Bogo', 'Philippines'), ('Buan', 'Philippines'), ('Bitangan', 'Philippines'), ('Bintacay', 'Philippines'), ('Binabalian', 'Philippines'), ('Bau', 'Philippines'), ('Batal', 'Philippines'), ('Basa', 'Philippines'), ('Balutu', 'Philippines'), ('Balinsacayao', 'Philippines'), ('Balibago', 'Philippines'), ('Balagunan', 'Philippines'), ('Baka', 'Philippines'), ('Bacsay', 'Philippines'), ('Bacong', 'Philippines'), ('Aroroy', 'Philippines'), ('Aramayuan', 'Philippines'), ('Antipolo', 'Philippines'), ('Anahawan', 'Philippines'), ('Amungan', 'Philippines'), ('Aglayan', 'Philippines'), ('Mangusu', 'Philippines'), ('City of Ligao', 'Philippines'), ('Shahr Sultan', 'Pakistan'), ('Naushahro Firoz', 'Pakistan'), ('Narang Mandi', 'Pakistan'), ('Mailsi', 'Pakistan'), ('Kot Radha Kishan', 'Pakistan'), ('Kohlu', 'Pakistan'), ('Khuzdar', 'Pakistan'), ('Kallar Kahar', 'Pakistan'), ('Islamkot', 'Pakistan'), ('Hazro City', 'Pakistan'), ('Haveli Lakha', 'Pakistan'), ('Digri', 'Pakistan'), ('Daud Khel', 'Pakistan'), ('Daggar', 'Pakistan'), ('Chilas', 'Pakistan'), ('Chak One Hundred Three Seven Right', 'Pakistan'), ('Bagarji', 'Pakistan'), ('Chak One Hundred Thirty-two -Nine Left', 'Pakistan'), ('Chak One Hundred Eighty-five A Nine Left', 'Pakistan'), ('Zyrakow', 'Poland'), ('Zwolen', 'Poland'), ('Zamch', 'Poland'), ('Wojslawice', 'Poland'), ('Wawer', 'Poland'), ('Turze Pole', 'Poland'), ('Szczuczyn', 'Poland'), ('Suchedniow', 'Poland'), ('Stoczek', 'Poland'), ('Staszow', 'Poland'), ('Sochaczew', 'Poland'), ('Rudnik', 'Poland'), ('Regnow', 'Poland'), ('Odrzykon', 'Poland'), ('Obryte', 'Poland'), ('Nowosielce-Gniewosz', 'Poland'), ('Niemce', 'Poland'), ('Mniszkow', 'Poland'), ('Lukowa', 'Poland'), ('Kosow Lacki', 'Poland'), ('Koprzywnica', 'Poland'), ('Dayr Dibwan', 'West Bank and Gaza Strip'), ('Bayt Imrin', 'West Bank and Gaza Strip'), (''Azmut', 'West Bank and Gaza Strip'), ('Ar Ram wa Dahiyat al Barid', 'West Bank and Gaza Strip'), ('Vila Nova da Barquinha', 'Portugal'), ('Senhora da Luz', 'Portugal'), ('Santo Andre', 'Portugal'), ('Olivais', 'Portugal'), ('Oleiros', 'Portugal'), ('Nadadouro', 'Portugal'), ('Meca', 'Portugal'), ('Laranjeiro', 'Portugal'), ('Charneca', 'Portugal'), ('Caparica', 'Portugal'), ('Almada', 'Portugal'), ('Vila Nova de Cerveira', 'Portugal'), ('Rio Mau', 'Portugal'), ('Oliveira do Hospital', 'Portugal'), ('Melres', 'Portugal'), ('Lourosa', 'Portugal'), ('Lordelo', 'Portugal'), ('Gueral', 'Portugal'), ('Fradelos', 'Portugal'), ('Coimbra', 'Portugal'), ('Canas de Senhorim', 'Portugal'), ('Argoncilhe', 'Portugal'), ('Santa Cruz das Flores', 'Portugal'), ('Lajes das Flores', 'Portugal'), ('Puerto Mayor Otano', 'Paraguay'), ('Nueva Italia', 'Paraguay'), ('La Paloma del Espiritu Santo', 'Paraguay'), ('General Artigas', 'Paraguay'), ('Carapegua', 'Paraguay'), ('Umm Salal `Ali', 'Qatar'), ('Saint-Louis', 'Réunion'), ('Zorleni', 'Romania'), ('Vutcani', 'Romania'), ('Vladila', 'Romania'), ('Vartescoiu', 'Romania'), ('Victoria', 'Romania'), ('Valea Rosie', 'Romania'), ('Valea Arini', 'Romania'), ('Urlati', 'Romania'), ('Uricani', 'Romania'), ('Ulmi', 'Romania'), ('Turnu', 'Romania'), ('Tupilati', 'Romania'), ('Tritenii de Sus', 'Romania'), ('Tormac', 'Romania'), ('Tarnava', 'Romania'), ('Tibucani', 'Romania'), ('Teasc', 'Romania'), ('Tazlau', 'Romania'), ('Tariverde', 'Romania'), ('Tarcea', 'Romania'), ('Tamaseni', 'Romania'), ('Surdulesti', 'Romania'), ('Suatu', 'Romania'), ('Storobaneasa', 'Romania'), ('Stiubieni', 'Romania'), ('Stefanesti', 'Romania'), ('Stanesti', 'Romania'), ('Slaveni', 'Romania'), ('Slatina', 'Romania'), ('Santimbru', 'Romania'), ('Sintesti', 'Romania'), ('Santana de Mures', 'Romania'), ('Sanmartin', 'Romania'), ('Sancraiu', 'Romania'), ('Silistea Gumesti', 'Romania'), ('Scortaru Nou', 'Romania'), ('Scarisoara', 'Romania'), ('Sarata', 'Romania'), ('Salacea', 'Romania'), ('Rusca', 'Romania'), ('Runcu', 'Romania'), ('Rubla', 'Romania'), ('Rozavlea', 'Romania'), ('Ripiceni', 'Romania'), ('Redea', 'Romania'), ('Razboieni-Cetate', 'Romania'), ('Radeni', 'Romania'), ('Racsa', 'Romania'), ('Racari', 'Romania'), ('Provita de Jos', 'Romania'), ('Predesti', 'Romania'), ('Popesti-Leordeni', 'Romania'), ('Popesti', 'Romania'), ('Pomarla', 'Romania'), ('Pojorata', 'Romania'), ('Poienesti', 'Romania'), ('Podu Iloaiei', 'Romania'), ('Plugova', 'Romania'), ('Piscu Vechi', 'Romania'), ('Piatra', 'Romania'), ('Petris', 'Romania'), ('Petrestii de Jos', 'Romania'), ('Peris', 'Romania'), ('Parhauti', 'Romania'), ('Pantelimon de Jos', 'Romania'), ('Panaci', 'Romania'), ('Ostrovu', 'Romania'), ('Oglinzi', 'Romania'), ('Oancea', 'Romania'), ('Negomir', 'Romania'), ('Nedeia', 'Romania'), ('Namoloasa-Sat', 'Romania'), ('Musenita', 'Romania'), ('Misca', 'Romania'), ('Mineri', 'Romania'), ('Manastirea Humorului', 'Romania'), ('Mileanca', 'Romania'), ('Melinesti', 'Romania'), ('Macesu de Jos', 'Romania'), ('Lunca de Sus', 'Romania'), ('Livada', 'Romania'), ('Lanurile', 'Romania'), ('Lamaseni', 'Romania'), ('Jidvei', 'Romania'), ('Izvoru Dulce', 'Romania'), ('Izvoarele', 'Romania'), ('Izvoare', 'Romania'), ('Intorsura', 'Romania'), ('Ibanesti', 'Romania'), ('Huruiesti', 'Romania'), ('Humulesti', 'Romania'), ('Homorod', 'Romania'), ('Hociungi', 'Romania'), ('Hereclean', 'Romania'), ('Gura Foii', 'Romania'), ('Gura Caluiu', 'Romania'), ('Grosii Tiblesului', 'Romania'), ('Grivita', 'Romania'), ('Greci', 'Romania'), ('Ghizdavesti', 'Romania'), ('Galbinasi', 'Romania'), ('Galatii Bistritei', 'Romania'), ('Fiser', 'Romania'), ('Filipestii de Padure', 'Romania'), ('Filioara', 'Romania'), ('Fierbinti', 'Romania'), ('Fieni', 'Romania'), ('Faraoani', 'Romania'), ('Dumbrava de Sus', 'Romania'), ('Dranceni', 'Romania'), ('Dragesti', 'Romania'), ('Dobrotu', 'Romania'), ('Dobreni', 'Romania'), ('Darza', 'Romania'), ('Dangeni', 'Romania'), ('Derna', 'Romania'), ('Daia Romana', 'Romania'), ('Cornetu', 'Romania'), ('Cordau', 'Romania'), ('Copalau', 'Romania'), ('Colti', 'Romania'), ('Colonia Bod', 'Romania'), ('Cluj-Napoca', 'Romania'), ('Clit', 'Romania'), ('Ciumesti', 'Romania'), ('Ciucea', 'Romania'), ('Ciresoaia', 'Romania'), ('Ciorasti', 'Romania'), ('Calnic', 'Romania'), ('Cheveresu Mare', 'Romania'), ('Certesti', 'Romania'), ('Ceica', 'Romania'), ('Ceuasu de Campie', 'Romania'), ('Cazaci', 'Romania'), ('Catalina', 'Romania'), ('Casin', 'Romania'), ('Caldararu', 'Romania'), ('Calarasi', 'Romania'), ('Buhusi', 'Romania'), ('Bughea de Sus', 'Romania'), ('Bucsani', 'Romania'), ('Bucsani', 'Romania'), ('Brosteni', 'Romania'), ('Braesti', 'Romania'), ('Brabova', 'Romania'), ('Bogdanesti', 'Romania'), ('Blidesti', 'Romania'), ('Blaj', 'Romania'), ('Bistra', 'Romania'), ('Basca Rozilei', 'Romania'), ('Balta', 'Romania'), ('Belciugatele', 'Romania'), ('Beclean', 'Romania'), ('Bautar', 'Romania'), ('Barcani', 'Romania'), ('Banita', 'Romania'), ('Baneasa', 'Romania'), ('Baia Mare', 'Romania'), ('Avram Iancu', 'Romania'), ('Atintis', 'Romania'), ('Bujoreni', 'Romania'), ('Apold', 'Romania'), ('Albesti', 'Romania'), ('Agrisu Mare', 'Romania'), ('Tarna Mare', 'Romania'), ('Sakule', 'Serbia'), ('Sajkas', 'Serbia'), ('Lokve', 'Serbia'), ('Doljevac', 'Serbia'), ('Crna Trava', 'Serbia'), ('Uxbridge', 'United States'), ('Waltham', 'United States'), ('Brownville', 'United States'), ('Corinna', 'United States'), ('Holden', 'United States'), ('Nobleboro', 'United States'), ('Norridgewock', 'United States'), ('Paris', 'United States'), ('Steep Falls', 'United States'), ('Sullivan', 'United States'), ('Alma', 'United States'), ('Bangor', 'United States'), ('Beecher', 'United States'), ('Benton Harbor', 'United States'), ('Charlevoix', 'United States'), ('Dearborn Heights', 'United States'), ('Flat Rock', 'United States'), ('Garden City', 'United States'), ('Haslett', 'United States'), ('Newaygo', 'United States'), ('Ovid', 'United States'), ('Pinckney', 'United States'), ('Plymouth', 'United States'), ('Redford', 'United States'), ('Champlin', 'United States'), ('Cokato', 'United States'), ('Collegeville', 'United States'), ('Cottonwood', 'United States'), ('Fergus Falls', 'United States'), ('Hector', 'United States'), ('Lexington', 'United States'), ('Long Prairie', 'United States'), ('Mankato', 'United States'), ('Montevideo', 'United States'), ('Oak Grove', 'United States'), ('Red Lake Falls', 'United States'), ('Saint James', 'United States'), ('Slayton', 'United States'), ('Victoria', 'United States'), ('Watertown', 'United States'), ('White Bear Lake', 'United States'), ('Young America (historical)', 'United States'), ('Fort Totten', 'United States'), ('Butte', 'United States'), ('Schuyler', 'United States'), ('Ashland', 'United States'), ('Hampton', 'United States'), ('Thornton', 'United States'), ('Wolfeboro', 'United States'), ('Bayonne', 'United States'), ('Belvidere', 'United States'), ('Bergenfield', 'United States'), ('Cedar Grove', 'United States'), ('Clark', 'United States'), ('East Orange', 'United States'), ('Hopatcong Hills', 'United States'), ('Matawan', 'United States'), ('Mercerville', 'United States'), ('Peapack', 'United States'), ('Astoria', 'United States'), ('Attica', 'United States'), ('Bath', 'United States'), ('Bergen', 'United States'), ('Big Flats', 'United States'), ('Cincinnatus', 'United States'), ('Clay', 'United States'), ('Cobleskill', 'United States'), ('Cornwall', 'United States'), ('Dix Hills', 'United States'), ('Douglaston', 'United States'), ('Durham', 'United States'), ('East Ithaca', 'United States'), ('East New York', 'United States'), ('Endwell', 'United States'), ('Fairview', 'United States'), ('Fulton', 'United States'), ('Huntington', 'United States'), ('Johnstown', 'United States'), ('Kerhonkson', 'United States'), ('Lake Erie Beach', 'United States'), ('Melville', 'United States'), ('Monroe', 'United States'), ('Mount Vernon', 'United States'), ('Phelps', 'United States'), ('Seneca Knolls', 'United States'), ('Shrub Oak', 'United States'), ('Sylvan Beach', 'United States'), ('Unionport', 'United States'), ('Vernon', 'United States'), ('Village of the Branch', 'United States'), ('Waverly', 'United States'), ('West Islip', 'United States'), ('Wheatley Heights', 'United States'), ('Bellefontaine', 'United States'), ('Bradford', 'United States'), ('Cleveland', 'United States'), ('Doylestown', 'United States'), ('East Cleveland', 'United States'), ('Fort Recovery', 'United States'), ('Girard', 'United States'), ('Hanover', 'United States'), ('Heath', 'United States'), ('Kenton', 'United States'), ('Leetonia', 'United States'), ('Loudonville', 'United States'), ('Newark', 'United States'), ('Northfield', 'United States'), ('Perry', 'United States'), ('Shelby', 'United States'), ('Tiltonsville', 'United States'), ('Yorkville', 'United States'), ('Audubon', 'United States'), ('Blandon', 'United States'), ('Campbelltown', 'United States'), ('Conemaugh', 'United States'), ('Dallas', 'United States'), ('Exeter', 'United States'), ('Fredericksburg', 'United States'), ('Hometown', 'United States'), ('Hyde', 'United States'), ('Kenhorst', 'United States'), ('King of Prussia', 'United States'), ('Leechburg', 'United States'), ('New Wilmington', 'United States'), ('Old Orchard', 'United States'), ('Palo Alto', 'United States'), ('Paxtonia', 'United States'), ('Satte', 'Japan'), ('Sakata', 'Japan'), ('Moriguchi', 'Japan'), ('Miyazu', 'Japan'), ('Mishima', 'Japan'), ('Masuda', 'Japan'), ('Kodamacho-kodamaminami', 'Japan'), ('Kisarazu', 'Japan'), ('Kashiwa', 'Japan'), ('Kameda-honcho', 'Japan'), ('Ishii', 'Japan'), ('Ashiya', 'Japan'), ('Clay', 'United States'), ('Dawson Springs', 'United States'), ('Dayton', 'United States'), ('Flemingsburg', 'United States'), ('Frenchburg', 'United States'), ('Horse Cave', 'United States'), ('Lawrenceburg', 'United States'), ('Mount Vernon', 'United States'), ('Okolona', 'United States'), ('Pewee Valley', 'United States'), ('Prospect', 'United States'), ('Abita Springs', 'United States'), ('Bayou Cane', 'United States'), ('Brownsfield', 'United States'), ('Bunkie', 'United States'), ('Elton', 'United States'), ('Gonzales', 'United States'), ('Greenwood', 'United States'), ('Gretna', 'United States'), ('Melville', 'United States'), ('Merryville', 'United States'), ('New Iberia', 'United States'), ('Oak Hills Place', 'United States'), ('Olla', 'United States'), ('Prairieville', 'United States'), ('Presquille', 'United States'), ('Raceland', 'United States'), ('Richwood', 'United States'), ('Saint Martinville', 'United States'), ('Swartz', 'United States'), ('Al Jaradiyah', 'Saudi Arabia'), ('Gizo', 'Solomon Islands'), ('Ad-Damazin', 'Sudan, The Republic of'), ('Abu Zabad', 'Sudan, The Republic of'), ('Storvik', 'Sweden'), ('Pajala', 'Sweden'), ('Virserum', 'Sweden'), ('Vattholma', 'Sweden'), ('Tvaaker', 'Sweden'), ('Tierp', 'Sweden'), ('Soedra Vi', 'Sweden'), ('Skrea', 'Sweden'), ('Skinnskatteberg', 'Sweden'), ('Skara', 'Sweden'), ('Siljansnaes', 'Sweden'), ('Sandarne', 'Sweden'), ('Naessjoe', 'Sweden'), ('Munkedal', 'Sweden'), ('Santa Isabel', 'Mexico'), ('Lupareve', 'Ukraine'), ('Orshivtsi', 'Ukraine'), ('Bartonsville', 'United States'), ('Buckeystown', 'United States'), ('Charles Village', 'United States'), ('Cheverly', 'United States'), ('Clover Hill', 'United States'), ('Crisfield', 'United States'), ('District Heights', 'United States'), ('Germantown', 'United States'), ('North East', 'United States'), ('Potomac', 'United States'), ('Robinwood', 'United States'), ('Rock Hall', 'United States'), ('Rossville', 'United States'), ('Salisbury', 'United States'), ('Ash Grove', 'United States'), ('Ava', 'United States'), ('Bridgeton', 'United States'), ('Gladstone', 'United States'), ('Huntsville', 'United States'), ('Jefferson City', 'United States'), ('Lakeshire', 'United States'), ('Marshall', 'United States'), ('Marthasville', 'United States'), ('Sugar Creek', 'United States'), ('Amory', 'United States'), ('Brookhaven', 'United States'), ('Byhalia', 'United States'), ('Centreville', 'United States'), ('Clarksdale', 'United States'), ('Lynchburg', 'United States'), ('Monticello', 'United States'), ('Mound Bayou', 'United States'), ('Picayune', 'United States'), ('Walnut Grove', 'United States'), ('Barker Heights', 'United States'), ('Durham', 'United States'), ('Farmville', 'United States'), ('Forest City', 'United States'), ('Half Moon', 'United States'), ('Maggie Valley', 'United States'), ('Ogden', 'United States'), ('Pleasant Garden', 'United States'), ('Ranlo', 'United States'), ('Shallotte', 'United States'), ('Cedar Glen Lakes', 'United States'), ('Cherry Hill Mall', 'United States'), ('Greentree', 'United States'), ('Baltimore', 'United States'), ('Batavia', 'United States'), ('Coal Grove', 'United States'), ('Fairfield', 'United States'), ('Greenfield', 'United States'), ('Kings Mills', 'United States'), ('Lucasville', 'United States'), ('Madeira', 'United States'), ('Mount Healthy Heights', 'United States'), ('Pleasant Run', 'United States'), ('Pomeroy', 'United States'), ('Powhatan Point', 'United States'), ('Sabina', 'United States'), ('Woodlawn', 'United States'), ('Zanesville', 'United States'), ('Geary', 'United States'), ('Newkirk', 'United States'), ('Pink', 'United States'), ('Prague', 'United States'), ('Sperry', 'United States'), ('Wilson', 'United States'), ('Wynnewood', 'United States'), ('Hanover', 'United States'), ('Lima', 'United States'), ('New Freedom', 'United States'), ('Wayne Heights', 'United States'), ('Windsor', 'United States'), ('Bishopville', 'United States'), ('Blythewood', 'United States'), ('Burton', 'United States'), ('Centerville', 'United States'), ('Clover', 'United States'), ('East Gaffney', 'United States'), ('Estill', 'United States'), ('Gloverville', 'United States'), ('Hampton', 'United States'), ('Saxon', 'United States'), ('Summerville', 'United States'), ('Tigerville', 'United States'), ('Walhalla', 'United States'), ('Brownsville', 'United States'), ('Burns', 'United States');