INSERT INTO cities (name, cou_name_en) VALUES ('Loma del Rio', 'Mexico'), ('Salitrillo', 'Mexico'), ('San Miguel', 'Mexico'), ('Santo Tomas Chiconautla', 'Mexico'), ('La Pendencia', 'Mexico'), ('Carrillo', 'Mexico'), ('Pozuelos', 'Mexico'), ('Galeana', 'Mexico'), ('La Presita', 'Mexico'), ('El Huitusi', 'Mexico'), ('Jaboncillo', 'Mexico'), ('General Lazaro Cardenas', 'Mexico'), ('Yustis', 'Mexico'), ('Yahualica de Gonzalez Gallo', 'Mexico'), ('Villa Victoria', 'Mexico'), ('Villa Union', 'Mexico'), ('Villa Ocampo', 'Mexico'), ('San Gabriel', 'Mexico'), ('Urique', 'Mexico'), ('Tzintzingareo', 'Mexico'), ('Tumbiscatio de Ruiz', 'Mexico'), ('Tequila', 'Mexico'), ('Tenexpa', 'Mexico'), ('Temascaltepec de Gonzalez', 'Mexico'), ('Tarecuato', 'Mexico'), ('San Vicente', 'Mexico'), ('Santo Nino Aguanaval', 'Mexico'), ('Santiaguito', 'Mexico'), ('Santa Rosa los Angeles', 'Mexico'), ('Santa Monica', 'Mexico'), ('Reggio Calabria', 'Italy'), ('Piscopio', 'Italy'), ('Piscinas', 'Italy'), ('Partinico', 'Italy'), ('Montevago', 'Italy'), ('Montalto Uffugo', 'Italy'), ('Monserrato', 'Italy'), ('Masainas', 'Italy'), ('Le Castella', 'Italy'), ('Laino Borgo', 'Italy'), ('Giuliana', 'Italy'), ('Escalaplano', 'Italy'), ('Dasa', 'Italy'), ('Corsano', 'Italy'), ('Comiso', 'Italy'), ('Cicala', 'Italy'), ('Chiaravalle Centrale', 'Italy'), ('Castrovillari', 'Italy'), ('Baratili San Pietro', 'Italy'), ('Villa Verde', 'Italy'), ('Zungoli', 'Italy'), ('Zinasco Vecchio', 'Italy'), ('Zero Branco', 'Italy'), ('Villaverla', 'Italy'), ('Villata', 'Italy'), ('Villa Potenza', 'Italy'), ('Villanova Marchesana', 'Italy'), ('Villaganzerla', 'Italy'), ('Vico Equense', 'Italy'), ('Viciomaggio', 'Italy'), ('Veronella', 'Italy'), ('Venarotta', 'Italy'), ('Venaria Reale', 'Italy'), ('Vasanello', 'Italy'), ('Varzo', 'Italy'), ('Varese Ligure', 'Italy'), ('Turano Lodigiano', 'Italy'), ('Tufillo', 'Italy'), ('Trezzano sul Naviglio', 'Italy'), ('Trevignano', 'Italy'), ('Tezze', 'Italy'), ('Tegoleto', 'Italy'), ('Tavagnasco', 'Italy'), ('Tarquinia', 'Italy'), ('Taranta Peligna', 'Italy'), ('La Saletta-Tamara', 'Italy'), ('Surano', 'Italy'), ('Sturno', 'Italy'), ('Struda', 'Italy'), ('Strozza', 'Italy'), ('Stornarella', 'Italy'), ('Stornara', 'Italy'), ('Stintino', 'Italy'), ('Stimigliano', 'Italy'), ('Spoleto', 'Italy'), ('Spinoso', 'Italy'), ('Soriano nel Cimino', 'Italy'), ('Sona', 'Italy'), ('Solagna', 'Italy'), ('Sirmione', 'Italy'), ('Serrone', 'Italy'), ('Serravalle Sesia', 'Italy'), ('Sermoneta', 'Italy'), ('Schilpario', 'Italy'), ('Savignano sul Panaro', 'Italy'), ('Sarmeola', 'Italy'), ('Santo Stefano d'Aveto', 'Italy'), ('Sant'Angelo Lodigiano', 'Italy'), ('San Pietro Vernotico', 'Italy'), ('San Pietro di Cadore', 'Italy'), ('San Pietro', 'Italy'), ('San Pier d'Isonzo', 'Italy'), ('San Miniato', 'Italy'), ('San Michele al Tagliamento', 'Italy'), ('San Martino in Campo', 'Italy'), ('San Martino di Lupari', 'Italy'), ('San Mango sul Calore', 'Italy'), ('San Giuliano Milanese', 'Italy'), ('San Giorgio a Liri', 'Italy'), ('Salitto-Valle', 'Italy'), ('Salgareda', 'Italy'), ('Saletto', 'Italy'), ('Sale Marasino', 'Italy'), ('Sala Biellese', 'Italy'), ('Sacrofano', 'Italy'), ('Sabbio Chiese', 'Italy'), ('Rotello', 'Italy'), ('Rosate', 'Italy'), ('Roncegno', 'Italy'), ('Romano di Lombardia', 'Italy'), ('Rocchetta Nervina', 'Italy'), ('Rocca Priora', 'Italy'), ('San Rocco', 'Italy'), ('Ribolla', 'Italy'), ('Rapolano Terme', 'Italy'), ('Prignano sulla Secchia', 'Italy'), ('Preturo', 'Italy'), ('Pozzuolo del Friuli', 'Italy'), ('Postua', 'Italy'), ('Postiglione', 'Italy'), ('Portula', 'Italy'), ('Porto Ceresio', 'Italy'), ('Pompiano', 'Italy'), ('Polla', 'Italy'), ('Pisogne', 'Italy'), ('Pinzolo', 'Italy'), ('Pignone', 'Italy'), ('Piacenza d'Adige', 'Italy'), ('Pecorara', 'Italy'), ('Passo di Treia', 'Italy'), ('Palestro', 'Italy'), ('Paduli', 'Italy'), ('Ornavasso', 'Italy'), ('Ora', 'Italy'), ('Oltre Il Colle', 'Italy'), ('Olgiate Comasco', 'Italy'), ('Nughedu San Nicolo', 'Italy'), ('Nosate', 'Italy'), ('Narni', 'Italy'), ('Nardo', 'Italy'), ('Nago-Torbole', 'Italy'), ('Montodine', 'Italy'), ('Montjovet', 'Italy'), ('Monticelli d'Ongina', 'Italy'), ('Montemilone', 'Italy'), ('Monteforte Irpino', 'Italy'), ('Montecompatri', 'Italy'), ('Mongrando', 'Italy'), ('Moneglia', 'Italy'), ('Mondovi', 'Italy'), ('Monchio delle Corti', 'Italy'), ('Molina di Ledro', 'Italy'), ('Minervino Murge', 'Italy'), ('Mezzano', 'Italy'), ('Mereto di Tomba', 'Italy'), ('Menaggio', 'Italy'), ('Meda', 'Italy'), ('Mazzin', 'Italy'), ('Massa', 'Italy'), ('Marsciano', 'Italy'), ('Marina di Ravenna', 'Italy'), ('Marina di Grosseto', 'Italy'), ('Marigliano', 'Italy'), ('Madonna dell'Acqua', 'Italy'), ('Lupara', 'Italy'), ('Lunano', 'Italy'), ('Lugo', 'Italy'), ('Lugagnano Val d'Arda', 'Italy'), ('Leffe', 'Italy'), ('Lauro', 'Italy'), ('Lapio', 'Italy'), ('Lamporo', 'Italy'), ('Lama', 'Italy'), ('Inveruno', 'Italy'), ('Guardiagrele', 'Italy'), ('Grottaminarda', 'Italy'), ('Grosio', 'Italy'), ('Glorenza', 'Italy'), ('Ginestra Fiorentina', 'Italy'), ('Gazzo', 'Italy'), ('Gavello', 'Italy'), ('Francavilla Fontana', 'Italy'), ('Fragneto L'Abate', 'Italy'), ('Forli del Sannio', 'Italy'), ('Forcoli', 'Italy'), ('Fontana Nuova-Bevia', 'Italy'), ('Fiesole', 'Italy'), ('Fiera di Primiero', 'Italy'), ('Ferrara', 'Italy'), ('Ferentillo', 'Italy'), ('Fagagna', 'Italy'), ('Fabro', 'Italy'), ('Empoli', 'Italy'), ('Delebio', 'Italy'), ('Cutigliano', 'Italy'), ('Cursi', 'Italy'), ('Cremolino', 'Italy'), ('Cozzo', 'Italy'), ('Coseano', 'Italy'), ('Cornalba', 'Italy'), ('Corleto Perticara', 'Italy'), ('Coredo', 'Italy'), ('Corchiano', 'Italy'), ('Copiano', 'Italy'), ('Colonnella', 'Italy'), ('Colloredo di Prato', 'Italy'), ('Colli sul Velino', 'Italy'), ('Colli a Volturno', 'Italy'), ('Colletorto', 'Italy'), ('Collepepe', 'Italy'), ('Codrongianos', 'Italy'), ('Cizzago', 'Italy'), ('Civitanova del Sannio', 'Italy'), ('Cimbergo', 'Italy'), ('Cerro Maggiore', 'Italy'), ('Cermes', 'Italy'), ('Cerchio', 'Italy'), ('Cercepiccola', 'Italy'), ('Cedegolo', 'Italy'), ('Cavour', 'Italy'), ('Cavaglia', 'Italy'), ('Cassina de' Pecchi', 'Italy'), ('Casaletto Spartano', 'Italy'), ('Carrara', 'Italy'), ('Carosino', 'Italy'), ('Carbonara al Ticino', 'Italy'), ('Carbognano', 'Italy'), ('Capannoli', 'Italy'), ('Caorle', 'Italy'), ('Cannara', 'Italy'), ('Calvignano', 'Italy'), ('Cairo Montenotte', 'Italy'), ('Buti', 'Italy'), ('Brusson', 'Italy'), ('Bosco Mesola', 'Italy'), ('Bondeno', 'Italy'), ('Barzano', 'Italy'), ('Barcis', 'Italy'), ('Barbarano Romano', 'Italy'), ('Banari', 'Italy'), ('Atena Lucana', 'Italy'), ('Arignano', 'Italy'), ('Aradeo', 'Italy'), ('Antronapiana', 'Italy'), ('Andretta-Mattinella', 'Italy'), ('Alfedena', 'Italy'), ('Ala dei Sardi', 'Italy'), ('Aidomaggiore', 'Italy'), ('Acquanegra Cremonese', 'Italy'), ('Li Punti-San Giovanni', 'Italy'), ('Medea', 'Italy'), ('Cosniga-Zoppe', 'Italy'), ('Verbania', 'Italy'), ('Mazzano', 'Italy'), ('Buccinasco', 'Italy'), ('Lamezia Terme', 'Italy'), ('Ozzano dell'Emilia', 'Italy'), ('Sale delle Langhe', 'Italy'), ('Niella Tanaro', 'Italy'), ('Albavilla', 'Italy'), ('Faggeto Lario', 'Italy'), ('Montemezzo', 'Italy'), ('Pozzuolo Martesana', 'Italy'), ('Viadanica', 'Italy'), ('Lozio', 'Italy'), ('Inverno e Monteleone', 'Italy'), ('San Nicolo Comelico', 'Italy'), ('Menarola', 'Italy'), ('Valsavarenche', 'Italy'), ('Racines - Ratschings', 'Italy'), ('Ultimo - Ulten', 'Italy'), ('Montescheno', 'Italy'), ('Valstrona', 'Italy'), ('Carpeneto', 'Italy'), ('Bedero Valcuvia', 'Italy'), ('Leggiuno', 'Italy'), ('Campagnola Cremasca', 'Italy'), ('Isera', 'Italy'), ('Montecchio Precalcino', 'Italy'), ('Villafranca Padovana', 'Italy'), ('Smerillo', 'Italy'), ('Bairo', 'Italy'), ('Tagliolo Monferrato', 'Italy'), ('Tassarolo', 'Italy'), ('Nus', 'Italy'), ('Pont-Bozet', 'Italy'), ('Villeneuve', 'Italy'), ('Grantola', 'Italy'), ('Settala', 'Italy'), ('Gandosso', 'Italy'), ('Ranzanico', 'Italy'), ('Roncola', 'Italy'), ('Polaveno', 'Italy'), ('Casanova Lonati', 'Italy'), ('Moschiano', 'Italy'), ('Sant'Angelo All'Esca', 'Italy'), ('Brienza', 'Italy'), ('Santa Maria del Cedro', 'Italy'), ('Camporotondo Etneo', 'Italy'), ('Stefanaconi', 'Italy'), ('Castiglione Torinese', 'Italy'), ('Rivarossa', 'Italy'), ('Usseaux', 'Italy'), ('Mandello Vitta', 'Italy'), ('Marmora', 'Italy'), ('Rocca Ciglie', 'Italy'), ('Pasturana', 'Italy'), ('Blufi', 'Italy'), ('Cernusco Lombardone', 'Italy'), ('Introzzo', 'Italy'), ('Vigano', 'Italy'), ('Paladina', 'Italy'), ('Grinzane Cavour', 'Italy'), ('Vitinia', 'Italy'), ('Marina di Vasto', 'Italy'), ('Bornato', 'Italy'), ('Marconia', 'Italy'), ('Santa Lucia', 'Italy'), ('Veggia-Villalunga', 'Italy'), ('Castelnuovo Vomano', 'Italy'), ('Ravina', 'Italy'), ('Torchione-Moia', 'Italy'), ('Bastia', 'Italy'), ('Gavarno-Tribulina', 'Italy'), ('Lamie', 'Italy'), ('Premenugo', 'Italy'), ('Giovenzano', 'Italy'), ('Vadue', 'Italy'), ('Sant'Andrea', 'Italy'), ('Colle Mainello', 'Italy'), ('Prata Centro', 'Italy'), ('Moggio di Sotto', 'Italy'), ('Badia al Pino', 'Italy'), ('Molino-Mozzi-Bittarelli', 'Italy'), ('San Vito', 'Italy'), ('Cipolleto', 'Italy'), ('Berriat', 'Italy'), ('Bivio Mortola', 'Italy'), ('Prati', 'Italy'), ('Colla-Muggiasca', 'Italy'), ('San Genesio', 'Italy'), ('San Lorenzo', 'Italy'), ('Casavecchia', 'Italy'), ('Poggiridenti Piano', 'Italy'), ('Villa', 'Italy'), ('Prignano', 'Italy'), ('Leporano Marina', 'Italy'), ('Licinella-Torre di Paestum', 'Italy'), ('Darliston', 'Jamaica'), ('Constant Spring', 'Jamaica'), ('Umm al Qittayn', 'Jordan'), ('Rehab', 'Jordan'), ('Al Qasr', 'Jordan'), ('Al Jafr', 'Jordan'), (''Ajlun', 'Jordan'), ('Ueno-ebisumachi', 'Japan'), ('Tsurugi-asahimachi', 'Japan'), ('Taketoyo', 'Japan'), ('Shiraoka', 'Japan'), ('Kolbuszowa', 'Poland'), ('Kazimierza Wielka', 'Poland'), ('Kaniow', 'Poland'), ('Jedlnia-Letnisko', 'Poland'), ('Janow Lubelski', 'Poland'), ('Dywity', 'Poland'), ('Debowiec', 'Poland'), ('Debica', 'Poland'), ('Bobowa', 'Poland'), ('Augustow', 'Poland'), ('Zernica', 'Poland'), ('Zarki', 'Poland'), ('Zaborze', 'Poland'), ('Wysoka', 'Poland'), ('Wladyslawow', 'Poland'), ('Ujsoly', 'Poland'), ('Trzebinia', 'Poland'), ('Trzebiechow', 'Poland'), ('Tenczynek', 'Poland'), ('Swinoujscie', 'Poland'), ('Swieta Katarzyna', 'Poland'), ('Stroza', 'Poland'), ('Stare Kurowo', 'Poland'), ('Stare Bogaczowice', 'Poland'), ('Raciborz', 'Poland'), ('Przemet', 'Poland'), ('Pabianice', 'Poland'), ('Ostrowy', 'Poland'), ('Olszyna', 'Poland'), ('Murow', 'Poland'), ('Miedzyrzecz', 'Poland'), ('Malbork', 'Poland'), ('Lisewo Malborskie', 'Poland'), ('Lipno', 'Poland'), ('Liniewo', 'Poland'), ('Lewin Brzeski', 'Poland'), ('Leczyca', 'Poland'), ('Lambinowice', 'Poland'), ('Laliki', 'Poland'), ('Krzeszowice', 'Poland'), ('Krajenka', 'Poland'), ('Koszarawa', 'Poland'), ('Koronowo', 'Poland'), ('Koniakow', 'Poland'), ('Kluki', 'Poland'), ('Kluczbork', 'Poland'), ('Kesowo', 'Poland'), ('Izbicko', 'Poland'), ('Gorzyczki', 'Poland'), ('Godow', 'Poland'), ('Dzierzoniow', 'Poland'), ('Drawsko', 'Poland'), ('Czarnowasy', 'Poland'), ('Bujakow', 'Poland'), ('Bolecin', 'Poland'), ('Bialka', 'Poland'), ('Baborow', 'Poland'), ('Chroscina', 'Poland'), ('Bairoa', 'Puerto Rico'), ('Boqueron', 'Puerto Rico'), ('Parcelas Nuevas', 'Puerto Rico'), ('Potala Pastillo', 'Puerto Rico'), ('San Isidro', 'Puerto Rico'), ('Santo Domingo', 'Puerto Rico'), ('Suseya', 'West Bank and Gaza Strip'), ('Silat az Zahr', 'West Bank and Gaza Strip'), ('Ramin', 'West Bank and Gaza Strip'), ('Qusrah', 'West Bank and Gaza Strip'), ('Qabalan', 'West Bank and Gaza Strip'), ('Mirkah', 'West Bank and Gaza Strip'), ('Ar Ramadin', 'West Bank and Gaza Strip'), ('Dayr Qiddis', 'West Bank and Gaza Strip'), ('Bazzaryah', 'West Bank and Gaza Strip'), ('Bayt 'Ur at Tahta', 'West Bank and Gaza Strip'), ('Baytin', 'West Bank and Gaza Strip'), ('Tavira', 'Portugal'), ('Santo Andre', 'Portugal'), ('Salir de Matos', 'Portugal'), ('Sagres', 'Portugal'), ('Reguengo', 'Portugal'), ('Mertola', 'Portugal'), ('Loule', 'Portugal'), ('Fuzeta', 'Portugal'), ('Ferreira do Zezere', 'Portugal'), ('Conceicao', 'Portugal'), ('Calheta', 'Portugal'), ('Boliqueime', 'Portugal'), ('Boavista dos Pinheiros', 'Portugal'), ('Benedita', 'Portugal'), ('Avis', 'Portugal'), ('Alpiarca', 'Portugal'), ('Alhos Vedros', 'Portugal'), ('Aldeia Nova', 'Portugal'), ('Alcanhoes', 'Portugal'), ('Alcains', 'Portugal'), ('Vila Nova de Foz Coa', 'Portugal'), ('Torre de Moncorvo', 'Portugal'), ('Tarouca', 'Portugal'), ('Souto', 'Portugal'), ('Sao Joao', 'Portugal'), ('Prado', 'Portugal'), ('Negrelos', 'Portugal'), ('Milheiros', 'Portugal'), ('Galegos', 'Portugal'), ('Casteloes de Cepeda', 'Portugal'), ('Carregal do Sal', 'Portugal'), ('Carapinheira', 'Portugal'), ('Candoso', 'Portugal'), ('Campo', 'Portugal'), ('Barcelos', 'Portugal'), ('Alfarelos', 'Portugal'), ('Fulgencio Yegros', 'Paraguay'), ('Ybycui', 'Paraguay'), ('Pirayu', 'Paraguay'), ('Natalio', 'Paraguay'), ('Altos', 'Paraguay'), ('Cilaos', 'Réunion'), ('Zarnestii de Slanic', 'Romania'), ('Zam', 'Romania'), ('Vulturesti', 'Romania'), ('Voinesti', 'Romania'), ('Vlasca', 'Romania'), ('Vinga', 'Romania'), ('Viisoara', 'Romania'), ('Vedea', 'Romania'), ('Varias', 'Romania'), ('Llongasora', 'Peru'), ('Huayna Alcalde', 'Peru'), ('Echarate', 'Peru'), ('Cochamal', 'Peru'), ('Challas', 'Peru'), ('Segunda Jerusalen - Azunguillo', 'Peru'), ('El Triunfo ( El Cruce)', 'Peru'), ('La Rinconada Ana Maria (La Rinconada)', 'Peru'), ('Mahina', 'French Polynesia'), ('Afareaitu', 'French Polynesia'), ('Wewak', 'Papua New Guinea'), ('Madang', 'Papua New Guinea'), ('Kurumul', 'Papua New Guinea'), ('Bulolo', 'Papua New Guinea'), ('Vito', 'Philippines'), ('Umiray', 'Philippines'), ('Ugac Sur', 'Philippines'), ('Tumcon Ilawod', 'Philippines'), ('Tucdao', 'Philippines'), ('Tuburan', 'Philippines'), ('Tomingad', 'Philippines'), ('Tiparak', 'Philippines'), ('Telafas', 'Philippines'), ('Tangnan', 'Philippines'), ('Tanauan', 'Philippines'), ('Tamayo', 'Philippines'), ('Talacogon', 'Philippines'), ('Tagbilaran City', 'Philippines'), ('Taclobo', 'Philippines'), ('Tabuating', 'Philippines'), ('Taboc', 'Philippines'), ('Tabid', 'Philippines'), ('Sungai', 'Philippines'), ('Sorsogon', 'Philippines'), ('Santo Tomas', 'Philippines'), ('Santo Domingo', 'Philippines'), ('Santa Rita', 'Philippines'), ('Santa Maria', 'Philippines'), ('Santa Cruz', 'Philippines'), ('San Roque', 'Philippines'), ('San Pedro', 'Philippines'), ('San Pedro', 'Philippines'), ('San Narciso', 'Philippines'), ('San Jose de Buan', 'Philippines'), ('Sangat', 'Philippines'), ('San Gabriel', 'Philippines'), ('San Antonio', 'Philippines'), ('Samboan', 'Philippines'), ('Salay', 'Philippines'), ('Sadsadan', 'Philippines'), ('Rizal', 'Philippines'), ('Robonkon', 'Philippines'), ('Quezon', 'Philippines'), ('Parabcan', 'Philippines'), ('Placer', 'Philippines'), ('Pilar', 'Philippines'), ('Pawican', 'Philippines'), ('Patonan', 'Philippines'), ('Paraiso', 'Philippines'), ('Panikihan', 'Philippines'), ('Pangpang', 'Philippines'), ('Pangobilian', 'Philippines'), ('Panglao', 'Philippines'), ('Pambuhan', 'Philippines'), ('Palaroo', 'Philippines'), ('Pacol', 'Philippines'), ('Ondoy', 'Philippines'), ('Numancia', 'Philippines'), ('Noling', 'Philippines'), ('Narvacan', 'Philippines'), ('Naisud', 'Philippines'), ('Nagbacalan', 'Philippines'), ('Murcia', 'Philippines'), ('Morales', 'Philippines'), ('Minanga Norte', 'Philippines'), ('Milaor', 'Philippines'), ('Miaray', 'Philippines'), ('Maypangdan', 'Philippines'), ('Maugat West', 'Philippines'), ('Masiu', 'Philippines'), ('Mandaluyong City', 'Philippines'), ('Malilipot', 'Philippines'), ('Malbug', 'Philippines'), ('Malbang', 'Philippines'), ('Magnaga', 'Philippines'), ('Magbay', 'Philippines'), ('Magallon Cadre', 'Philippines'), ('Macarse', 'Philippines'), ('Macabugos', 'Philippines'), ('Macabuboni', 'Philippines'), ('Mabasa', 'Philippines'), ('Mabalacat City', 'Philippines'), ('Lunen', 'Philippines'), ('Lucero', 'Philippines'), ('Lucban', 'Philippines'), ('Lourdes', 'Philippines'), ('Lourdes', 'Philippines'), ('Looc', 'Philippines'), ('Lobong', 'Philippines'), ('Lintangan', 'Philippines'), ('Ligao', 'Philippines'), ('Las Pinas', 'Philippines'), ('Lantangan', 'Philippines'), ('Languyan', 'Philippines'), ('Lamitan', 'Philippines'), ('Kinablangan', 'Philippines'), ('Kayapa', 'Philippines'), ('Calumboyan', 'Philippines'), ('Kalawit', 'Philippines'), ('Jalajala', 'Philippines'), ('Igpit', 'Philippines'), ('Ibaan', 'Philippines'), ('Gupitan', 'Philippines'), ('Guiset East', 'Philippines'), ('Guipos', 'Philippines'), ('Guindarohan', 'Philippines'), ('Gubat', 'Philippines'), ('Hilantagaan', 'Philippines'), ('General Luna', 'Philippines'), ('Estacion', 'Philippines'), ('Estaca', 'Philippines'), ('Esperanza', 'Philippines'), ('Dunguan', 'Philippines'), ('Ditsaan', 'Philippines'), ('Dilan', 'Philippines'), ('Del Rosario', 'Philippines'), ('Daliciasao', 'Philippines'), ('Dasol', 'Philippines'), ('Damolog', 'Philippines'), ('Cortes', 'Philippines'), ('Cayang', 'Philippines'), ('Capoocan', 'Philippines'), ('Cantel', 'Philippines'), ('Candabong', 'Philippines'), ('Camohaguin', 'Philippines'), ('Cambanay', 'Philippines'), ('Camangcamang', 'Philippines'), ('Calumpang', 'Philippines'), ('Cajimos', 'Philippines'), ('Cainta', 'Philippines'), ('Cabuyao', 'Philippines'), ('Cabalaoangan', 'Philippines'), ('Cabadiangan', 'Philippines'), ('Bulod', 'Philippines'), ('Bulacnin', 'Philippines'), ('Bogtong', 'Philippines'), ('Bay-ang', 'Philippines'), ('Bautista', 'Philippines'), ('Batitang', 'Philippines'), ('Basud', 'Philippines'), ('Basicao Coastal', 'Philippines'), ('Barucboc Norte', 'Philippines'), ('Barcelona', 'Philippines'), ('Baon', 'Philippines'), ('Bantiqui', 'Philippines'), ('Banate', 'Philippines'), ('Baloy', 'Philippines'), ('Balagtas', 'Philippines'), ('Balagon', 'Philippines'), ('Bagong Sikat', 'Philippines'), ('Bagabag', 'Philippines'), ('Bacnotan', 'Philippines'), ('Ayungon', 'Philippines'), ('Anonang', 'Philippines'), ('Amulung', 'Philippines'), ('Alicia', 'Philippines'), ('Aliang', 'Philippines'), ('Ajuy', 'Philippines'), ('Agoo', 'Philippines'), ('Afusing Centro', 'Philippines'), ('Abucayan', 'Philippines'), ('Katipunan', 'Philippines'), ('Sionogan', 'Philippines'), ('Payuhan', 'Philippines'), ('Del Monte', 'Philippines'), ('Katipunan', 'Philippines'), ('Banco Filipino Homes', 'Philippines'), ('Vihari', 'Pakistan'), ('Tando Allahyar', 'Pakistan'), ('Pindi Gheb', 'Pakistan'), ('Pind Dadan Khan', 'Pakistan'), ('Miran Shah', 'Pakistan'), ('Mangla', 'Pakistan'), ('Loralai', 'Pakistan'), ('Khangah Dogran', 'Pakistan'), ('Kalaswala', 'Pakistan'), ('Chak Pindi', 'Pakistan'), ('Wysokie', 'Poland'), ('Wola', 'Poland'), ('Wodynie', 'Poland'), ('Wilanow', 'Poland'), ('Wierzbna', 'Poland'), ('Wiazownica', 'Poland'), ('Wegrzce Wielkie', 'Poland'), ('Uherce Mineralne', 'Poland'), ('Trzcinica', 'Poland'), ('Szrensk', 'Poland'), ('Stare Juchy', 'Poland'), ('Sonsk', 'Poland'), ('Sokoly', 'Poland'), ('Rzepedz', 'Poland'), ('Rudna Wielka', 'Poland'), ('Rudna Mala', 'Poland'), ('Rokitno', 'Poland'), ('Rejowiec', 'Poland'), ('Rajgrod', 'Poland'), ('Radziejowice', 'Poland'), ('Przeclaw', 'Poland'), ('Poswietne', 'Poland'), ('Pilawa', 'Poland'), ('Ostroleka', 'Poland'), ('Opole Lubelskie', 'Poland'), ('Nasielsk', 'Poland'), ('Mlawa', 'Poland'), ('Medyka', 'Poland'), ('Medrzechow', 'Poland'), ('Malkinia Gorna', 'Poland'), ('Lubomierz', 'Poland'), ('Kozienice', 'Poland'), ('Aguie', 'Niger'), ('Tureta', 'Nigeria'), ('Shanono', 'Nigeria'), ('Samamiya', 'Nigeria'), ('Omuo-Ekiti', 'Nigeria'), ('Okigwe', 'Nigeria'), ('Odeda', 'Nigeria'), ('Obollo-Afor', 'Nigeria'), ('Monguno', 'Nigeria'), ('Misau', 'Nigeria'), ('Maigana', 'Nigeria'), ('Maiduguri', 'Nigeria'), ('Madala', 'Nigeria'), ('Katsina-Ala', 'Nigeria'), ('Katagum', 'Nigeria'), ('Kaiama', 'Nigeria'), ('Jobele', 'Nigeria'), ('Itas', 'Nigeria'), ('Ise-Ekiti', 'Nigeria'), ('Igumale', 'Nigeria'), ('Igbor', 'Nigeria'), ('Igabi', 'Nigeria'), ('Guyuk', 'Nigeria'), ('Gezawa', 'Nigeria'), ('Gamawa', 'Nigeria'), ('Esuk Oron', 'Nigeria'), ('Effraya', 'Nigeria'), ('Buga', 'Nigeria'), ('Twon-Brass', 'Nigeria'), ('Awgu', 'Nigeria'), ('Apapa', 'Nigeria'), ('Alapa', 'Nigeria'), ('Akodo', 'Nigeria'), ('Ado-Ekiti', 'Nigeria'), ('Abocho', 'Nigeria'), ('Abak', 'Nigeria'), ('Khaddamari', 'Nigeria'), ('Wiwili', 'Nicaragua'), ('Sebaco', 'Nicaragua'), ('Santo Domingo', 'Nicaragua'), ('San Juan de Limay', 'Nicaragua'), ('Diriamba', 'Nicaragua'), ('Corinto', 'Nicaragua'), ('Comalapa', 'Nicaragua'), ('Ciudad Antigua', 'Nicaragua'), ('Boaco', 'Nicaragua'), ('De Westereen', 'Netherlands'), ('Zuid-Beijerland', 'Netherlands'), ('Yerseke', 'Netherlands'), ('Winschoten', 'Netherlands'), ('Wijchen', 'Netherlands'), ('Wieringerwaard', 'Netherlands'), ('Weijpoort', 'Netherlands'), ('Weerestein', 'Netherlands'), ('Warnsveld', 'Netherlands'), ('Wagenberg', 'Netherlands'), ('Vught', 'Netherlands'), ('Vogelenzang', 'Netherlands'), ('Vlissingen', 'Netherlands'), ('Tuikwerd', 'Netherlands'), ('Terwinselen', 'Netherlands'), ('Slochteren', 'Netherlands'), ('Sint Laurens', 'Netherlands'), ('Roosendaal', 'Netherlands'), ('Putten', 'Netherlands'), ('Papendrecht', 'Netherlands'), ('Oudewater', 'Netherlands'), ('Oosterholt', 'Netherlands'), ('Oirschot', 'Netherlands'), ('Noordeloos', 'Netherlands'), ('Nederhemert', 'Netherlands'), ('Meerssen', 'Netherlands'), ('Maurik', 'Netherlands'), ('Linne', 'Netherlands'), ('Lierop', 'Netherlands'), ('Helden', 'Netherlands'), ('Harskamp', 'Netherlands'), ('Haaren', 'Netherlands'), ('Grou', 'Netherlands'), ('Gorredijk', 'Netherlands'), ('Glimmen', 'Netherlands'), ('Giessen', 'Netherlands'), ('Einighausen', 'Netherlands'), ('Egchel', 'Netherlands'), ('Driemond', 'Netherlands'), ('Doorwerth', 'Netherlands'), ('Doesburg', 'Netherlands'), ('Budschop', 'Netherlands'), ('Budel-Schoot', 'Netherlands'), ('Bloemhof', 'Netherlands'), ('Bleskensgraaf', 'Netherlands'), ('Burdaard', 'Netherlands'), ('Best', 'Netherlands'), ('Beekbergen', 'Netherlands'), ('Baambrugge', 'Netherlands'), ('Axel', 'Netherlands'), ('Annen', 'Netherlands'), ('Ankeveense Rade', 'Netherlands'), ('Angerlo', 'Netherlands'), ('Almelo', 'Netherlands'), ('Akkrum', 'Netherlands'), ('Akert', 'Netherlands'), ('Aalst', 'Netherlands'), ('Matenhorst', 'Netherlands'), ('Kelpen-Oler', 'Netherlands'), ('Karasjohka', 'Norway'), ('Hammerfest', 'Norway'), ('Vestbygd', 'Norway'), ('Spetalen', 'Norway'), ('Reinsvoll', 'Norway'), ('Otta', 'Norway'), ('Ornes', 'Norway'), ('Karlshus', 'Norway'), ('Honefoss', 'Norway'), ('Frogner', 'Norway'), ('Auli', 'Norway'), ('Arnes', 'Norway'), ('Al', 'Norway'), ('Stordal', 'Norway'), ('Kathmandu', 'Nepal'), ('Point Chevalier', 'New Zealand'), ('Hastings', 'New Zealand'), ('Hanmer Springs', 'New Zealand'), ('Hamilton', 'New Zealand'), ('Ashhurst', 'New Zealand'), ('Paeroa', 'New Zealand'), ('Sockburn', 'New Zealand'), ('Kohimarama', 'New Zealand'), ('Roseneath', 'New Zealand'), ('Totara Park', 'New Zealand'), ('Belmont', 'New Zealand'), ('Newlands', 'New Zealand'), ('Alicetown', 'New Zealand'), ('Rustaq', 'Oman'), ('Vallerriquito', 'Panama'), ('Tubuala', 'Panama'), ('Tijeras', 'Panama'), ('Sona', 'Panama'), ('San Vicente', 'Panama'), ('Santo Tomas', 'Panama'), ('Santa Isabel', 'Panama'), ('Rio Grande', 'Panama'), ('Progreso', 'Panama'), ('Ponuga', 'Panama'), ('Plaza de Caisan', 'Panama'), ('Nueva Gorgona', 'Panama'), ('Llano Abajo', 'Panama'), ('Las Palmitas', 'Panama'), ('Las Cruces', 'Panama'), ('Pitaloza Arriba', 'Panama'), ('La Miel', 'Panama'), ('El Valle de La Union', 'Panama'), ('El Pedregoso', 'Panama'), ('El Manantial', 'Panama'), ('El Cristo', 'Panama'), ('El Barrito', 'Panama'), ('El Bale', 'Panama'), ('David', 'Panama'), ('Coclecito', 'Panama'), ('Cerro Azul', 'Panama'), ('Bagala', 'Panama'), ('Alanje', 'Panama'), ('Camoganti', 'Panama'), ('Yungay', 'Peru'), ('Shunqui', 'Peru'), ('Sapalache', 'Peru'), ('Salaverry', 'Peru'), ('Llapa', 'Peru'), ('Jepelacio', 'Peru'), ('Choros', 'Peru'), ('Bellavista', 'Peru'), ('Amashca', 'Peru'), ('Aczo', 'Peru'), ('Yauli', 'Peru'), ('Viraco', 'Peru'), ('Tiquillaca', 'Peru'), ('Tauripampa', 'Peru'), ('Surco', 'Peru'), ('Sumbilca', 'Peru'), ('Sibayo', 'Peru'), ('Sayan', 'Peru'), ('San Juan', 'Peru'), ('San Buenaventura', 'Peru'), ('Salcabamba', 'Peru'), ('Quilca', 'Peru'), ('Puquina', 'Peru'), ('Pullo', 'Peru'), ('Pisco', 'Peru'), ('Pilchaca', 'Peru'), ('Paucartambo', 'Peru'), ('Oropesa', 'Peru'), ('Marco', 'Peru'), ('Incuyo', 'Peru'), ('Ica', 'Peru'), ('Guadalupe', 'Peru'), ('Colcabamba', 'Peru'), ('Carampoma', 'Peru'), ('Cabana', 'Peru'), ('Acomayo', 'Peru'), ('Acobambilla', 'Peru'), ('Santa Cruz de la Soledad', 'Mexico'), ('San Francisco', 'Mexico'), ('San Clemente', 'Mexico'), ('Rodrigo M. Quevedo', 'Mexico'), ('San Andres', 'Mexico'), ('Rayones', 'Mexico'), ('Quinceo', 'Mexico'), ('Purepero de Echaiz', 'Mexico'), ('Puerto de Nieto', 'Mexico'), ('Portes Gil', 'Mexico'), ('Pesqueria', 'Mexico'), ('Numaran', 'Mexico'), ('Monteleon', 'Mexico'), ('Mision de Chichimecas', 'Mexico'), ('San Bernardino de Milpillas Chico', 'Mexico'), ('Capilla de Milpillas', 'Mexico'), ('Mecatan', 'Mexico'), ('Mazatlan', 'Mexico'), ('Masiaca', 'Mexico'), ('Lourdes', 'Mexico'), ('La Gavia', 'Mexico'), ('La Estacada', 'Mexico'), ('La Brecha', 'Mexico'), ('Kilometro Noventa y Nueve', 'Mexico'), ('Juchipila', 'Mexico'), ('Jaral del Progreso', 'Mexico'), ('Jalipa', 'Mexico'), ('El Jabali', 'Mexico'), ('La Guasima', 'Mexico'), ('El Salto', 'Mexico'), ('El Colorado', 'Mexico'), ('Division del Norte', 'Mexico'), ('Morelos', 'Mexico'), ('Estacion Consuelo', 'Mexico'), ('Coneto de Comonfort', 'Mexico'), ('Jose Mariano Jimenez', 'Mexico'), ('Benito Juarez', 'Mexico'), ('Bachiniva', 'Mexico'), ('Aquila', 'Mexico'), ('Amealco', 'Mexico'), ('Alvaro Obregon', 'Mexico'), ('Alfajayucan', 'Mexico'), ('Aldama', 'Mexico'), ('Alamos', 'Mexico'), ('Acatic', 'Mexico'), ('Abasolo', 'Mexico'), ('Camalotita', 'Mexico'), ('Jesus Gomez Portugal (Margaritas)', 'Mexico'), ('San Jacinto', 'Mexico'), ('Norias del Paso Hondo', 'Mexico'), ('El Pescadero', 'Mexico'), ('Los Remedios', 'Mexico'), ('Potreros', 'Mexico'), ('Zapote de Barajas', 'Mexico'), ('Santa Rosa de Rivas', 'Mexico'), ('Canada de Bustos', 'Mexico'), ('Landin', 'Mexico'), ('La Cieneguita', 'Mexico'), ('San Jose de Ayala', 'Mexico'), ('Cerro Colorado', 'Mexico'), ('Zapotillo de Mogotes', 'Mexico'), ('Cuatro Caminos', 'Mexico'), ('La Placita de Morelos', 'Mexico'), ('Otzoloapan', 'Mexico'), ('San Pedro Martir', 'Mexico'), ('El Gallo', 'Mexico'), ('Arcila', 'Mexico'), ('Santa Fe', 'Mexico'), ('Ricardo Flores Magon', 'Mexico'), ('San Salvador Tizatlalli', 'Mexico'), ('Casa Blanca', 'Mexico'), ('Santa Maria Zacatepec', 'Mexico'), ('Puerto Escondido (Tepeolulco Puerto Escondido)', 'Mexico'), ('Brisas de Zicatela', 'Mexico'), ('Los Arcos', 'Mexico'), ('San Lorenzo Axocomanitla', 'Mexico'), ('Lo de Juarez', 'Mexico'), ('San Buenaventura Tecaltzingo', 'Mexico'), ('Unidades Habitacionales', 'Mexico'), ('Sector H Tres', 'Mexico'), ('Fraccionamiento los Prados', 'Mexico'), ('La Planada', 'Mexico'), ('San Lorenzo Querendaro', 'Mexico'), ('Cereso 14 (El Amate)', 'Mexico'), ('Chulum Juarez', 'Mexico'), ('San Jose Chapayal', 'Mexico');