INSERT INTO cities (name, cou_name_en) VALUES ('Nowe', 'Poland'), ('Miescisko', 'Poland'), ('Malec', 'Poland'), ('Lubon', 'Poland'), ('Lubomia', 'Poland'), ('Lubien Kujawski', 'Poland'), ('Lesna', 'Poland'), ('Leka Opatowska', 'Poland'), ('Legowo', 'Poland'), ('Lachowice', 'Poland'), ('Kunice', 'Poland'), ('Kozle', 'Poland'), ('Kolo', 'Poland'), ('Klomnice', 'Poland'), ('Klodawa', 'Poland'), ('Kleszczewo', 'Poland'), ('Kamieniec Zabkowicki', 'Poland'), ('Wielki Kack', 'Poland'), ('Jablonna', 'Poland'), ('Gostyn', 'Poland'), ('Goscino', 'Poland'), ('Golub-Dobrzyn', 'Poland'), ('Gniewkowo', 'Poland'), ('Dziemiany', 'Poland'), ('Budziszewice', 'Poland'), ('Brzesc Kujawski', 'Poland'), ('Braszewice', 'Poland'), ('Bojszowy Nowe', 'Poland'), ('Bobowo', 'Poland'), ('Bielsk', 'Poland'), ('Bedlno', 'Poland'), ('Andrychow', 'Poland'), ('Jelcz Laskowice', 'Poland'), ('Chotcza', 'Poland'), ('Rokiciny-Kolonia', 'Poland'), ('Buena Vista', 'Puerto Rico'), ('Cabo Rojo', 'Puerto Rico'), ('Duque', 'Puerto Rico'), ('Isabel Segunda', 'Puerto Rico'), ('Maria Antonia', 'Puerto Rico'), ('Naranjito', 'Puerto Rico'), ('Palmer', 'Puerto Rico'), ('Rosa Sanchez', 'Puerto Rico'), ('Khuza'ah', 'West Bank and Gaza Strip'), ('Sayda', 'West Bank and Gaza Strip'), ('Ramallah', 'West Bank and Gaza Strip'), ('Al Burj', 'West Bank and Gaza Strip'), ('Jurish', 'West Bank and Gaza Strip'), ('Burin', 'West Bank and Gaza Strip'), (''Anata', 'West Bank and Gaza Strip'), ('Az Zaytuniyah', 'West Bank and Gaza Strip'), (''Ajjul', 'West Bank and Gaza Strip'), ('Abu Qashsh', 'West Bank and Gaza Strip'), ('Old City', 'West Bank and Gaza Strip'), ('Vieira de Leiria', 'Portugal'), ('Urra', 'Portugal'), ('Serra de El-Rei', 'Portugal'), ('Olival Basto', 'Portugal'), ('Nisa', 'Portugal'), ('Monte Estoril', 'Portugal'), ('Moncarapacho', 'Portugal'), ('Lagoa', 'Portugal'), ('Guia', 'Portugal'), ('Fatima', 'Portugal'), ('Curral das Freiras', 'Portugal'), ('Aljustrel', 'Portugal'), ('Albufeira', 'Portugal'), ('Urgeses', 'Portugal'), ('Soure', 'Portugal'), ('Sobreira', 'Portugal'), ('Sobrado', 'Portugal'), ('Sao Pedro da Cova', 'Portugal'), ('Moncao', 'Portugal'), ('Gulpilhares', 'Portugal'), ('Guimaraes', 'Portugal'), ('Frazao', 'Portugal'), ('Fanzeres', 'Portugal'), ('Espargo', 'Portugal'), ('Ermesinde', 'Portugal'), ('Cucujaes', 'Portugal'), ('Castelo de Paiva', 'Portugal'), ('Canidelo', 'Portugal'), ('Avanca', 'Portugal'), ('Alhadas', 'Portugal'), ('Fenais da Ajuda', 'Portugal'), ('Cais do Pico', 'Portugal'), ('Sonsorol Village', 'Palau'), ('San Patricio', 'Paraguay'), ('San Antonio', 'Paraguay'), ('Hohenau', 'Paraguay'), ('Colonia General Alfredo Stroessner', 'Paraguay'), ('Capiibary', 'Paraguay'), ('Saint-Andre', 'Réunion'), ('Zmeu', 'Romania'), ('Zerind', 'Romania'), ('Zanoaga', 'Romania'), ('Zanesti', 'Romania'), ('Volovat', 'Romania'), ('Vlad Tepes', 'Romania'), ('Vizantea-Manastireasca', 'Romania'), ('Viseu de Sus', 'Romania'), ('Varfuri', 'Romania'), ('Vanatorii Mari', 'Romania'), ('Videle', 'Romania'), ('Veresti', 'Romania'), ('Valea Ursului', 'Romania'), ('Valea Moldovei', 'Romania'), ('Valea Lupului', 'Romania'), ('Hastiere-Lavaux', 'Belgium'), ('Gooik', 'Belgium'), ('Gesves', 'Belgium'), ('Evrehailles', 'Belgium'), ('Elsegem', 'Belgium'), ('Eigenbilzen', 'Belgium'), ('Dikkelvenne', 'Belgium'), ('Diegem', 'Belgium'), ('Clavier', 'Belgium'), ('Chaineux', 'Belgium'), ('Celles', 'Belgium'), ('Bray', 'Belgium'), ('Braine-le-Chateau', 'Belgium'), ('Bierbeek', 'Belgium'), ('Baardegem', 'Belgium'), ('Amay', 'Belgium'), ('Alken', 'Belgium'), ('Tanghin-Dassouri', 'Burkina Faso'), ('Sabou', 'Burkina Faso'), ('Loumbila', 'Burkina Faso'), ('Bittou', 'Burkina Faso'), ('Kyustendil', 'Bulgaria'), ('Kolarovo', 'Bulgaria'), ('Gabrovo', 'Bulgaria'), ('Chiprovtsi', 'Bulgaria'), ('Segbana', 'Benin'), ('Bohicon', 'Benin'), ('Puerto Suarez', 'Bolivia'), ('Mineros', 'Bolivia'), ('Mecapaca', 'Bolivia'), ('Caranavi', 'Bolivia'), ('Abapo Viejo', 'Bolivia'), ('Puearto Pailas', 'Bolivia'), ('The Bottom', 'None'), ('Urucui', 'Brazil'), ('Uruburetama', 'Brazil'), ('Soledade', 'Brazil'), ('Serra Talhada', 'Brazil'), ('Santana do Mundau', 'Brazil'), ('Santana do Ipanema', 'Brazil'), ('Santana do Acarau', 'Brazil'), ('Pastos Bons', 'Brazil'), ('Nova Russas', 'Brazil'), ('Mirador', 'Brazil'), ('Limoeiro', 'Brazil'), ('Juruti', 'Brazil'), ('Jua dos Vieiras', 'Brazil'), ('Gilbues', 'Brazil'), ('Esperantina', 'Brazil'), ('Escada', 'Brazil'), ('Canto do Buriti', 'Brazil'), ('Campo Maior', 'Brazil'), ('Caico', 'Brazil'), ('Caetes', 'Brazil'), ('Buique', 'Brazil'), ('Volta Redonda', 'Brazil'), ('Trindade', 'Brazil'), ('Tres Lagoas', 'Brazil'), ('Teresopolis', 'Brazil'), ('Taboao da Serra', 'Brazil'), ('Socorro', 'Brazil'), ('Sete Lagoas', 'Brazil'), ('Sao Sebastiao', 'Brazil'), ('Sao Miguel do Iguacu', 'Brazil'), ('Sao Miguel do Araguaia', 'Brazil'), ('Sao Francisco do Sul', 'Brazil'), ('Santiago', 'Brazil'), ('Santa Rita do Passa Quatro', 'Brazil'), ('Rio Grande da Serra', 'Brazil'), ('Promissao', 'Brazil'), ('Presidente Prudente', 'Brazil'), ('Planaltina', 'Brazil'), ('Pirai', 'Brazil'), ('Paranhos', 'Brazil'), ('Medeiros Neto', 'Brazil'), ('Juatuba', 'Brazil'), ('Jaboticabal', 'Brazil'), ('Itumbiara', 'Brazil'), ('Itatiaia', 'Brazil'), ('Itacare', 'Brazil'), ('Ipiau', 'Brazil'), ('Inhambupe', 'Brazil'), ('Ibatiba', 'Brazil'), ('Guarapari', 'Brazil'), ('Goiania', 'Brazil'), ('Farroupilha', 'Brazil'), ('Encantado', 'Brazil'), ('Diamantino', 'Brazil'), ('Charqueadas', 'Brazil'), ('Cascavel', 'Brazil'), ('Barra Bonita', 'Brazil'), ('Areia Branca', 'Brazil'), ('Ararangua', 'Brazil'), ('Alterosa', 'Brazil'), ('Alegrete', 'Brazil'), ('Manacapuru', 'Brazil'), ('Humaita', 'Brazil'), ('Jundia', 'Brazil'), ('Spanish Wells', 'Bahamas'), ('Nassau', 'Bahamas'), ('Samtse', 'Bhutan'), ('Pemagatshel', 'Bhutan'), ('Nata', 'Botswana'), ('Maunatlala', 'Botswana'), ('Lenchwe Le Tau', 'Botswana'), ('Letsheng', 'Botswana'), ('Turau', 'Belarus'), ('Stowbtsy', 'Belarus'), ('Sasnovy Bor', 'Belarus'), ('Slutsk', 'Belarus'), ('Syomkava', 'Belarus'), ('Lahishyn', 'Belarus'), ('Karanyowka', 'Belarus'), ('Dzisna', 'Belarus'), ('Charnawchytsy', 'Belarus'), ('Byalynichy', 'Belarus'), ('Horad Luninyets', 'Belarus'), ('San Narciso', 'Belize'), ('Arviat', 'Canada'), ('Botwood', 'Canada'), ('Cold Lake', 'Canada'), ('Fruitvale', 'Canada'), ('Hampton', 'Canada'), ('Hay River', 'Canada'), ('Inuvik', 'Canada'), ('Labrador City', 'Canada'), ('Laval', 'Canada'), ('Leblanc', 'Canada'), ('Maple Ridge', 'Canada'), ('Martensville', 'Canada'), ('Melville', 'Canada'), ('Millet', 'Canada'), ('Montague', 'Canada'), ('Moose Factory', 'Canada'), ('Mount Albert', 'Canada'), ('Norman Wells', 'Canada'), ('Peace River', 'Canada'), ('Pitt Meadows', 'Canada'), ('Rossland', 'Canada'), ('Saint-Come--Liniere', 'Canada'), ('Al Wiqan', 'United Arab Emirates'), ('Kuhsan', 'Afghanistan'), ('Zaybak', 'Afghanistan'), ('Washer', 'Afghanistan'), ('Sayad', 'Afghanistan'), ('Sar-e Tayghan', 'Afghanistan'), ('Qal'ah-ye Kuf', 'Afghanistan'), ('Pasaband', 'Afghanistan'), ('Kalafgan', 'Afghanistan'), ('Jurm', 'Afghanistan'), ('Gereshk', 'Afghanistan'), ('Banu', 'Afghanistan'), (''Unabah', 'Afghanistan'), ('Ibrahim Khan', 'Afghanistan'), ('Khayr Kot', 'Afghanistan'), ('Dahan-e Jarf', 'Afghanistan'), ('The Quarter', 'Anguilla'), ('Shengjin', 'Albania'), ('Polican', 'Albania'), ('Maliq', 'Albania'), ('Llugaj', 'Albania'), ('Lis', 'Albania'), ('Libonik', 'Albania'), ('Leshnje', 'Albania'), ('Kthella e Eperme', 'Albania'), ('Gjinaj', 'Albania'), ('Erseke', 'Albania'), ('Carshove', 'Albania'), ('Blinisht', 'Albania'), ('Lukove', 'Albania'), ('Vaqarr', 'Albania'), ('Patos Fshat', 'Albania'), ('Lezhe', 'Albania'), ('Jermuk', 'Armenia'), ('Berk'anush', 'Armenia'), ('Vardenik', 'Armenia'), ('Ushi', 'Armenia'), ('Masis', 'Armenia'), ('Gavar', 'Armenia'), ('Jrashen', 'Armenia'), ('Aparan', 'Armenia'), ('Gandzak', 'Armenia'), ('Damba', 'Angola'), ('Cuango-Luzamba', 'Angola'), ('Luena', 'Angola'), ('Catchiungo', 'Angola'), ('Catumbela', 'Angola'), ('Villa de Mayo', 'Argentina'), ('Tacuarendi', 'Argentina'), ('San Clemente del Tuyu', 'Argentina'), ('Presidencia de la Plaza', 'Argentina'), ('Lanus', 'Argentina'), ('Esquina', 'Argentina'), ('Ceibas', 'Argentina'), ('Boedo', 'Argentina'), ('Azara', 'Argentina'), ('Arroyo del Medio', 'Argentina'), ('Villa Nueva', 'Argentina'), ('Villa La Angostura', 'Argentina'), ('Villa Bustos', 'Argentina'), ('Victoria', 'Argentina'), ('Trenel', 'Argentina'), ('Santa Maria', 'Argentina'), ('San Luis', 'Argentina'), ('San Francisco', 'Argentina'), ('Rosario de la Frontera', 'Argentina'), ('Pergamino', 'Argentina'), ('La Quiaca', 'Argentina'), ('Laguna Paiva', 'Argentina'), ('Laboulaye', 'Argentina'), ('Joaquin V. Gonzalez', 'Argentina'), ('Jacinto Arauz', 'Argentina'), ('Helvecia', 'Argentina'), ('General Alvear', 'Argentina'), ('Funes', 'Argentina'), ('Choele Choel', 'Argentina'), ('Catriel', 'Argentina'), ('San Miguel', 'Argentina'), ('Zoeblen', 'Austria'), ('Zell am Ziller', 'Austria'), ('Zagersdorf', 'Austria'), ('Winzendorf', 'Austria'), ('Westendorf', 'Austria'), ('Warth', 'Austria'), ('Waldkirchen am Wesen', 'Austria'), ('Uttendorf', 'Austria'), ('Trahuetten', 'Austria'), ('Thomasberg', 'Austria'), ('Stumm', 'Austria'), ('Stinatz', 'Austria'), ('Steinerkirchen an der Traun', 'Austria'), ('Stadl-Traun', 'Austria'), ('Sommerein', 'Austria'), ('Schweiggers', 'Austria'), ('Schandorf', 'Austria'), ('Sankt Stefan', 'Austria'), ('Sankt Martin', 'Austria'), ('Ranggen', 'Austria'), ('Praegraten', 'Austria'), ('Pitschgau', 'Austria'), ('Pfons', 'Austria'), ('Persenbeug', 'Austria'), ('Pernegg an der Mur', 'Austria'), ('Pennewang', 'Austria'), ('Parbasdorf', 'Austria'), ('Ottenschlag', 'Austria'), ('Oberwart', 'Austria'), ('Obdach', 'Austria'), ('Muellendorf', 'Austria'), ('Muehldorf', 'Austria'), ('Moeggers', 'Austria'), ('Miesenbach', 'Austria'), ('Micheldorf in Oberoesterreich', 'Austria'), ('Mariazell', 'Austria'), ('Maria Alm am Steinernen Meer', 'Austria'), ('Ludesch', 'Austria'), ('Krakauhintermuehlen', 'Austria'), ('Koblach', 'Austria'), ('Kapfenberg', 'Austria'), ('Kammern im Liesingtal', 'Austria'), ('Jenbach', 'Austria'), ('Heugraben', 'Austria'), ('Haringsee', 'Austria'), ('Hainsdorf im Schwarzautal', 'Austria'), ('Hafendorf', 'Austria'), ('Grossharras', 'Austria'), ('Gallzein', 'Austria'), ('Fiecht', 'Austria'), ('Felixdorf', 'Austria'), ('Feistritz an der Gail', 'Austria'), ('Erpersdorf', 'Austria'), ('Droesing', 'Austria'), ('Deutsch Kaltenbrunn', 'Austria'), ('Deutsch Jahrndorf', 'Austria'), ('Deutsch Goritz', 'Austria'), ('Burgfried', 'Austria'), ('Bruck an der Leitha', 'Austria'), ('Brixlegg', 'Austria'), ('Behamberg', 'Austria'), ('Au am Leithaberge', 'Austria'), ('Anif', 'Austria'), ('Altmelon', 'Austria'), ('Altlichtenwarth', 'Austria'), ('Allentsteig', 'Austria'), ('Achau', 'Austria'), ('Untertilliach', 'Austria'), ('Igls', 'Austria'), ('Buerserberg', 'Austria'), ('Ratzersdorf an der Traisen', 'Austria'), ('Gries', 'Austria'), ('Priel', 'Austria'), ('Kreuzstetten', 'Austria'), ('Waterloo Corner', 'Australia'), ('Semaphore', 'Australia'), ('Roxby Downs', 'Australia'), ('Port Hedland', 'Australia'), ('Plympton', 'Australia'), ('Newman', 'Australia'), ('Mitcham', 'Australia'), ('Halls Creek', 'Australia'), ('Coober Pedy', 'Australia'), ('Caversham', 'Australia'), ('Augusta', 'Australia'), ('Armadale', 'Australia'), ('Quinns Rocks', 'Australia'), ('Bicton', 'Australia'), ('Attadale', 'Australia'), ('Nightcliff', 'Australia'), ('Wurruk', 'Australia'), ('Witta', 'Australia'), ('Wallsend', 'Australia'), ('Urangan', 'Australia'), ('Tully', 'Australia'), ('Torquay', 'Australia'), ('Toowong', 'Australia'), ('Thornton', 'Australia'), ('Thirlmere', 'Australia'), ('The Basin', 'Australia'), ('Sharon', 'Australia'), ('Rooty Hill', 'Australia'), ('Rathmines', 'Australia'), ('Port Kembla', 'Australia'), ('Plenty', 'Australia'), ('Pitt Town', 'Australia'), ('Penola', 'Australia'), ('Nunawading', 'Australia'), ('Naracoorte', 'Australia'), ('Mundubbera', 'Australia'), ('Moss Vale', 'Australia'), ('Moe', 'Australia'), ('McKinnon', 'Australia'), ('Lindfield', 'Australia'), ('Gympie', 'Australia'), ('Gulgong', 'Australia'), ('Gowrie Junction', 'Australia'), ('Gol Gol', 'Australia'), ('Glenview', 'Australia'), ('Emu Plains', 'Australia'), ('Elimbah', 'Australia'), ('Cumbalum', 'Australia'), ('Coorparoo', 'Australia'), ('Coolum Beach', 'Australia'), ('Coolah', 'Australia'), ('Coniston', 'Australia'), ('Charlton', 'Australia'), ('Canadian', 'Australia'), ('Blaxland', 'Australia'), ('Berwick', 'Australia'), ('Berriedale', 'Australia'), ('Barooga', 'Australia'), ('Bargo', 'Australia'), ('Atherton', 'Australia'), ('Ashburton', 'Australia'), ('Armadale', 'Australia'), ('Altona', 'Australia'), ('Sylvania Waters', 'Australia'), ('Blakehurst', 'Australia'), ('Fairy Meadow', 'Australia'), ('Norman Park', 'Australia'), ('Palmerston', 'Australia'), ('Enfield', 'Australia'), ('Hillarys', 'Australia'), ('Joondalup', 'Australia'), ('Clarkson', 'Australia'), ('Lutwyche', 'Australia'), ('Watanobbi', 'Australia'), ('Canterbury', 'Australia'), ('Grasmere', 'Australia'), ('Karana Downs', 'Australia'), ('Sippy Downs', 'Australia'), ('North Parramatta', 'Australia'), ('Macmasters Beach', 'Australia'), ('Robinvale', 'Australia'), ('Batehaven', 'Australia'), ('Bullaburra', 'Australia'), ('Casuarina', 'Australia'), ('Gnangara', 'Australia'), ('Pooraka', 'Australia'), ('Ashby', 'Australia'), ('Southside', 'Australia'), ('St George', 'Australia'), ('Ivanhoe', 'Australia'), ('Richmond', 'Australia'), ('Teneriffe', 'Australia'), ('Thomson', 'Australia'), ('Darch', 'Australia'), ('Banks', 'Australia'), ('Booragoon', 'Australia'), ('Abbotsbury', 'Australia'), ('Halekulani', 'Australia'), ('Oakville', 'Australia'), ('Hove', 'Australia'), ('Junortoun', 'Australia'), ('Albert Park', 'Australia'), ('Minyama', 'Australia'), ('Goodwood', 'Australia'), ('Algester', 'Australia'), ('Kidman Park', 'Australia'), ('Willow Vale', 'Australia'), ('Melrose Park', 'Australia'), ('Mount Nasura', 'Australia'), ('Secret Harbour', 'Australia'), ('Wandal', 'Australia'), ('Millner', 'Australia'), ('Greenway', 'Australia'), ('Clinton', 'Australia'), ('Miandetta', 'Australia'), ('Valley View', 'Australia'), ('Mansfield Park', 'Australia'), ('Narrabundah', 'Australia'), ('Woodcroft', 'Australia'), ('Aldinga Beach', 'Australia'), ('East Geelong', 'Australia'), ('Nickol', 'Australia'), ('Seven Hills', 'Australia'), ('Arana Hills', 'Australia'), ('Croydon South', 'Australia'), ('Cranbourne North', 'Australia'), ('Burnside Heights', 'Australia'), ('Bondi Beach', 'Australia'), ('North Balgowlah', 'Australia'), ('Ramsgate Beach', 'Australia'), ('Strathfield South', 'Australia'), ('Crafers West', 'Australia'), ('Sefton Park', 'Australia'), ('Clarence Park', 'Australia'), ('Forestville', 'Australia'), ('Alkimos', 'Australia'), ('Sainte-Croix', 'Canada'), ('Saint-Sauveur', 'Canada'), ('Stephenville Crossing', 'Canada'), ('Tsawwassen', 'Canada'), ('Varennes', 'Canada'), ('Vineland', 'Canada'), ('Wells', 'Canada'), ('Laurel', 'Canada'), ('North Riverdale', 'Canada'), ('Victoria Village', 'Canada'), ('Cabbagetown-South St.James Town', 'Canada'), ('Harbour Main-Chapel's Cove-Lakeview', 'Canada'), ('Mbuji-Mayi', 'Congo, Democratic Republic of the'), ('Lukula', 'Congo, Democratic Republic of the'), ('Lodja', 'Congo, Democratic Republic of the'), ('Boende', 'Congo, Democratic Republic of the'), ('Aru', 'Congo, Democratic Republic of the'), ('Kasongo-Lunda', 'Congo, Democratic Republic of the'), ('Ouango', 'Central African Republic'), ('Wattwil', 'Switzerland'), ('Waldenburg', 'Switzerland'), ('Villmergen', 'Switzerland'), ('Villars-sur-Ollon', 'Switzerland'), ('Trun', 'Switzerland'), ('Tesserete', 'Switzerland'), ('Steinen', 'Switzerland'), ('Seltisberg', 'Switzerland'), ('Schupfen', 'Switzerland'), ('Sankt Gallen', 'Switzerland'), ('Rueggisberg', 'Switzerland'), ('Romanshorn', 'Switzerland'), ('Renens', 'Switzerland'), ('Pampigny', 'Switzerland'), ('Wetzikon / Ober-Wetzikon', 'Switzerland'), ('Oberkirch', 'Switzerland'), ('Endingen', 'Switzerland'), ('Novazzano', 'Switzerland'), ('Morges', 'Switzerland'), ('Meggen', 'Switzerland'), ('Liesberg', 'Switzerland'), ('Leytron', 'Switzerland'), ('Kuttigen', 'Switzerland'), ('Hettlingen', 'Switzerland'), ('Henggart', 'Switzerland'), ('Heiden', 'Switzerland'), ('Gampel', 'Switzerland'), ('Ependes', 'Switzerland'), ('Domdidier', 'Switzerland'), ('Cheseaux', 'Switzerland'), ('Cazis', 'Switzerland'), ('Bubendorf', 'Switzerland'), ('Bottighofen', 'Switzerland'), ('Blonay', 'Switzerland'), ('Biglen', 'Switzerland'), ('Arzo', 'Switzerland'), ('Altendorf', 'Switzerland'), ('Allschwil', 'Switzerland'), ('Meinier', 'Switzerland'), ('Thonex', 'Switzerland'), ('Neerach', 'Switzerland'), ('Oberglatt / Oberglatt (Dorfkern)', 'Switzerland'), ('Horgen / Horgen (Dorfkern)', 'Switzerland'), ('Erlenbach / links des Dorfbachs oberhalb Bahnlinie', 'Switzerland'), ('Duebendorf / Vogelquartier', 'Switzerland'), ('Naenikon / Naenikon (Dorfkern)', 'Switzerland'), ('Zuerich (Kreis 12) / Schwamendingen-Mitte', 'Switzerland'), ('Daenikon', 'Switzerland'), ('Niederglatt', 'Switzerland'), ('Braggio', 'Switzerland'), ('Vuarrens', 'Switzerland'), ('Uebeschi', 'Switzerland'), ('Zuekokore', 'Côte d'Ivoire'), ('Zonle I', 'Côte d'Ivoire'), ('Zepreguhe', 'Côte d'Ivoire'), ('Zebra', 'Côte d'Ivoire'), ('Zangagleu', 'Côte d'Ivoire'), ('Zahourayo', 'Côte d'Ivoire'), ('Yeouli', 'Côte d'Ivoire'), ('Tyefindougou', 'Côte d'Ivoire'), ('Trogleu', 'Côte d'Ivoire'), ('Toufounde', 'Côte d'Ivoire'), ('Torkaha', 'Côte d'Ivoire'), ('Tiedio', 'Côte d'Ivoire'), ('Talahini-Tomora', 'Côte d'Ivoire'), ('Tala', 'Côte d'Ivoire'), ('Seleho', 'Côte d'Ivoire'), ('Sandregue', 'Côte d'Ivoire'), ('Sandekou', 'Côte d'Ivoire'), ('Pinyon', 'Côte d'Ivoire'), ('Petit Badien', 'Côte d'Ivoire'), ('Pauli-Brousse', 'Côte d'Ivoire'), ('Padiegnan', 'Côte d'Ivoire'), ('Oupoyo', 'Côte d'Ivoire'), ('Ngorla', 'Côte d'Ivoire'), ('N'gapye', 'Côte d'Ivoire'), ('Ndouci', 'Côte d'Ivoire'), ('Monoko Zohi Deux', 'Côte d'Ivoire'), ('Metro', 'Côte d'Ivoire'), ('Menou', 'Côte d'Ivoire'), ('Mebo', 'Côte d'Ivoire'), ('Mbouedio', 'Côte d'Ivoire'), ('Mbrati', 'Côte d'Ivoire'), ('Mapina', 'Côte d'Ivoire'), ('Manadoun', 'Côte d'Ivoire'), ('Maguiayo', 'Côte d'Ivoire'), ('Magboebli', 'Côte d'Ivoire'), ('Madinani', 'Côte d'Ivoire'), ('Luehouan', 'Côte d'Ivoire'), ('Lobouayo', 'Côte d'Ivoire'), ('Lingouebo', 'Côte d'Ivoire'), ('Ligueguhe', 'Côte d'Ivoire'), ('Lebre', 'Côte d'Ivoire'), ('Latokaha', 'Côte d'Ivoire'), ('Kouassidiotekro', 'Côte d'Ivoire'), ('Kouakoussekro', 'Côte d'Ivoire'), ('Konguidougou', 'Côte d'Ivoire'), ('South Mackay', 'Australia'), ('Wilsonton Heights', 'Australia'), ('Adelaide city centre', 'Australia'), ('Geelong city centre', 'Australia'), ('Moore Park Beach', 'Australia'), ('Shepparton East', 'Australia'), ('Vardoe', 'None'), ('Susa', 'Azerbaijan'), ('Lacin', 'Azerbaijan'), ('Qivraq', 'Azerbaijan'), ('Khojasan', 'Azerbaijan'), ('Vurgun', 'Azerbaijan'), ('Pirallahi', 'Azerbaijan'), ('Agdas', 'Azerbaijan'), ('Hacihuseynli', 'Azerbaijan'), ('Vozuca', 'Bosnia and Herzegovina'), ('Vogosca', 'Bosnia and Herzegovina'), ('Tuzla', 'Bosnia and Herzegovina'), ('Svodna', 'Bosnia and Herzegovina'), ('Stijena', 'Bosnia and Herzegovina'), ('Sanski Most', 'Bosnia and Herzegovina'), ('Jezero', 'Bosnia and Herzegovina'), ('Doboj', 'Bosnia and Herzegovina'), ('Bileca', 'Bosnia and Herzegovina'), ('Ilici', 'Bosnia and Herzegovina'), ('Bathsheba', 'Barbados'), ('Purbadhala', 'Bangladesh'), ('Panchagarh', 'Bangladesh'), ('Habiganj', 'Bangladesh'), ('Khagrachhari', 'Bangladesh'), ('Tungipara', 'Bangladesh'), ('Barishal', 'Bangladesh'), ('Saidpur', 'Bangladesh'), ('Zonhoven', 'Belgium'), ('Zoersel', 'Belgium'), ('Zelem', 'Belgium'), ('Zarlardinge', 'Belgium'), ('Xhoris', 'Belgium'), ('Wijshagen', 'Belgium'), ('Westouter', 'Belgium'), ('Wasmuel', 'Belgium'), ('Wardin', 'Belgium'), ('Voroux-lez-Liers', 'Belgium'), ('Vilvoorde', 'Belgium'), ('Viane', 'Belgium'), ('Vezon', 'Belgium'), ('Verviers', 'Belgium'), ('Vaux-et-Borset', 'Belgium'), ('Tohogne', 'Belgium'), ('Tisselt', 'Belgium'), ('Thulin', 'Belgium'), ('Thorembais-Saint-Trond', 'Belgium'), ('Temse', 'Belgium'), ('Templeuve', 'Belgium'), ('Tarcienne', 'Belgium'), ('Steendorp', 'Belgium'), ('Soumagne', 'Belgium'), ('Sint-Pauwels', 'Belgium'), ('Sint-Martens-Lennik', 'Belgium'), ('Sint-Joris-Weert', 'Belgium'), ('Sint-Eloois-Winkel', 'Belgium'), ('Schilde', 'Belgium'), ('Sart-Saint-Laurent', 'Belgium'), ('Saint-Pierre', 'Belgium'), ('Saint-Amand', 'Belgium'), ('Ruien', 'Belgium'), ('Pommeroeul', 'Belgium'), ('Plainevaux', 'Belgium'), ('Perre', 'Belgium'), ('Papignies', 'Belgium'), ('Ouwegem', 'Belgium'), ('Onhaye', 'Belgium'), ('Noville', 'Belgium'), ('Mopertingen', 'Belgium'), ('Messelbroek', 'Belgium'), ('Merelbeke', 'Belgium'), ('Massenhoven', 'Belgium'), ('Maisieres', 'Belgium'), ('Loverval', 'Belgium'), ('Lembeek', 'Belgium'), ('Ledeberg', 'Belgium'), ('Labuissiere', 'Belgium'), ('Kieldrecht', 'Belgium'), ('Kermt', 'Belgium'), ('Jandrain-Jandrenouille', 'Belgium'), ('Houtvenne', 'Belgium'), ('Heverlee', 'Belgium'), ('Heure-le-Romain', 'Belgium'), ('Kokolopozo', 'Côte d'Ivoire'), ('Klapleu', 'Côte d'Ivoire'), ('Kineyekaha', 'Côte d'Ivoire'), ('Kenbe', 'Côte d'Ivoire'), ('Kassiongo-Koura', 'Côte d'Ivoire'), ('Kanouan', 'Côte d'Ivoire'), ('Kandopleu', 'Côte d'Ivoire'), ('Kalamon', 'Côte d'Ivoire'), ('Kaade', 'Côte d'Ivoire'), ('Kaabo', 'Côte d'Ivoire'), ('Jacqueville', 'Côte d'Ivoire'), ('Guibouo', 'Côte d'Ivoire'), ('Gouimpleu I', 'Côte d'Ivoire'), ('Gatifla', 'Côte d'Ivoire'), ('Fisa', 'Côte d'Ivoire'), ('Essuikro', 'Côte d'Ivoire'), ('Dyobala', 'Côte d'Ivoire'), ('Doufla', 'Côte d'Ivoire'), ('Doueleu', 'Côte d'Ivoire'), ('Douapleu', 'Côte d'Ivoire'), ('Djoutou', 'Côte d'Ivoire'), ('Djegbe', 'Côte d'Ivoire'), ('Dienedoufla', 'Côte d'Ivoire'), ('Diegonefla', 'Côte d'Ivoire'), ('Didiassa', 'Côte d'Ivoire'), ('Diboke', 'Côte d'Ivoire'), ('Diasson', 'Côte d'Ivoire'), ('Brieoa', 'Côte d'Ivoire'), ('Bognankro', 'Côte d'Ivoire'), ('Pahoubli', 'Côte d'Ivoire'), ('Bin-Houye', 'Côte d'Ivoire'), ('Biantouo', 'Côte d'Ivoire'), ('Biankouma', 'Côte d'Ivoire'), ('Belakro', 'Côte d'Ivoire'), ('Becedi-Brignan', 'Côte d'Ivoire'), ('Batyebli', 'Côte d'Ivoire'), ('Baou', 'Côte d'Ivoire'), ('Bandakanyi-Sokoura', 'Côte d'Ivoire'), ('Arrah', 'Côte d'Ivoire'), ('Anno', 'Côte d'Ivoire'), ('Angoakro', 'Côte d'Ivoire'), ('Aniassue', 'Côte d'Ivoire'), ('Abongoua', 'Côte d'Ivoire'), ('Pinhou', 'Côte d'Ivoire'), ('Abata', 'Côte d'Ivoire'), ('Fafala', 'Côte d'Ivoire'), ('Kadarvogo', 'Côte d'Ivoire'), ('Lokossou', 'Côte d'Ivoire'), ('Zeaglo', 'Côte d'Ivoire'), ('Akekoua', 'Côte d'Ivoire'), ('Gligbeuadji', 'Côte d'Ivoire'), ('Djeka', 'Côte d'Ivoire'), ('Gnititoigui', 'Côte d'Ivoire'), ('Brouagui', 'Côte d'Ivoire'), ('Kangagui', 'Côte d'Ivoire'), ('Adahama', 'Côte d'Ivoire'), ('Saykro', 'Côte d'Ivoire'), ('Kpatasso', 'Côte d'Ivoire'), ('Dousseba', 'Côte d'Ivoire'), ('Biakou', 'Côte d'Ivoire'), ('Kpadagnoa', 'Côte d'Ivoire'), ('Kodi', 'Côte d'Ivoire'), ('Yaffo-Abongoua', 'Côte d'Ivoire'), ('Ahokoi', 'Côte d'Ivoire'), ('Edmonston', 'United States'), ('Green Valley', 'United States'), ('Highfield-Cascade', 'United States'), ('Huntingtown Town Center', 'United States'), ('Ocean City', 'United States'), ('Ocean Pines', 'United States'), ('Parkville', 'United States'), ('Scaggsville', 'United States'), ('Severn', 'United States'), ('Silver Spring', 'United States'), ('University Park', 'United States'), ('Belle', 'United States'), ('Chaffee', 'United States'), ('Dardenne Prairie', 'United States'), ('Duquesne', 'United States'), ('Grandview', 'United States'), ('Keytesville', 'United States'), ('Maysville', 'United States'), ('North Kansas City', 'United States'), ('Saint Ann', 'United States'), ('Thayer', 'United States'), ('Webster Groves', 'United States'), ('Eupora', 'United States'), ('Hazlehurst', 'United States'), ('New Augusta', 'United States'), ('Ridgeland', 'United States'), ('Brogden', 'United States'), ('Carrboro', 'United States'), ('Henderson', 'United States'), ('Hertford', 'United States'), ('Horse Shoe', 'United States'), ('Huntersville', 'United States'), ('Landis', 'United States'), ('Lucama', 'United States'), ('Swanquarter', 'United States'), ('Tarboro', 'United States'), ('Berlin', 'United States'), ('Holiday Heights', 'United States'), ('Mullica Hill', 'United States'), ('Westville', 'United States'), ('Wood-Lynne', 'United States'), ('Cherry Grove', 'United States'), ('Day Heights', 'United States'), ('Finneytown', 'United States'), ('Lewisburg', 'United States'), ('Monroe', 'United States'), ('New Paris', 'United States'), ('Atoka', 'United States'), ('Barnsdall', 'United States'), ('Cleveland', 'United States'), ('Lawton', 'United States'), ('McLoud', 'United States'), ('Medford', 'United States'), ('Muldrow', 'United States'), ('Noble', 'United States'), ('Ponca City', 'United States'), ('Snyder', 'United States'), ('Avondale', 'United States'), ('Caln', 'United States'), ('Gettysburg', 'United States'), ('Abbeville', 'United States'), ('Conway', 'United States'), ('Dunean', 'United States'), ('Fountain Inn', 'United States'), ('Greenville', 'United States'), ('Irwin', 'United States'), ('Loris', 'United States'), ('Mayo', 'United States'), ('Pineridge', 'United States'), ('Powdersville', 'United States'), ('Westminster', 'United States'), ('Brentwood', 'United States'), ('Camden', 'United States'), ('Caryville', 'United States'), ('Decatur', 'United States'), ('Hopewell', 'United States'), ('Jacksboro', 'United States'), ('Kingston Springs', 'United States'), ('Lenoir City', 'United States'), ('Oak Ridge', 'United States'), ('Rogersville', 'United States'), ('Signal Mountain', 'United States'), ('Wildwood Lake', 'United States'), ('Woodbury', 'United States'), ('Ames', 'United States'), ('Boling', 'United States'), ('Brookshire', 'United States'), ('Burnet', 'United States'), ('DeSoto', 'United States'), ('Denison', 'United States'), ('Hempstead', 'United States'), ('Hornsby Bend', 'United States'), ('Hurst', 'United States'), ('Jones Creek', 'United States'), ('Mineral Wells', 'United States'), ('Mount Vernon', 'United States'), ('Murillo Colonia', 'United States'), ('Navasota', 'United States'), ('Palm Valley', 'United States'), ('Palmhurst', 'United States'), ('Red Lick', 'United States'), ('Somerset', 'United States'), ('Tenaha', 'United States'), ('Terrell', 'United States'), ('Wharton', 'United States'), ('Whitney', 'United States'), ('Woodbranch', 'United States'), ('Ashland', 'United States'), ('Bassett', 'United States'), ('Charlotte Court House', 'United States'), ('Chase City', 'United States'), ('Countryside', 'United States'), ('Glade Spring', 'United States'), ('Lowes Island', 'United States'), ('Mathews', 'United States'), ('Mount Hermon', 'United States'), ('North Springfield', 'United States'), ('Spotsylvania', 'United States'), ('Warm Springs', 'United States'), ('West Gate', 'United States'), ('Williamsburg', 'United States'), ('Beaver', 'United States'), ('Ranson', 'United States'), ('Salem', 'United States'), ('Florence', 'United States'), ('Bremen', 'United States'), ('Milford', 'United States'), ('Norwalk', 'United States'), ('Orange', 'United States'), ('Plymouth', 'United States'), ('South Windham', 'United States'), ('Terramuggus', 'United States'), ('Winsted', 'United States'), ('Brooklyn', 'United States'), ('Buffalo', 'United States'), ('Center Point', 'United States'), ('Clarion', 'United States'), ('Milford', 'United States'), ('Oelwein', 'United States'), ('Palo', 'United States'), ('Sac City', 'United States'), ('Storm Lake', 'United States'), ('Webster City', 'United States'), ('Bartlett', 'United States'), ('Belvidere', 'United States'), ('Byron', 'United States'), ('Channel Lake', 'United States'), ('Clinton', 'United States'), ('East Hazel Crest', 'United States'), ('Fairbury', 'United States'), ('Hyde Park', 'United States'), ('Matteson', 'United States'), ('Mount Morris', 'United States'), ('Oak Park', 'United States'), ('Oakwood', 'United States'), ('Berne', 'United States'), ('Kingsford Heights', 'United States'), ('South Haven', 'United States'), ('Wanatah', 'United States'), ('Warsaw', 'United States'), ('Wolcottville', 'United States'), ('Acushnet', 'United States'), ('Buzzards Bay', 'United States'), ('Douglas', 'United States'), ('Dover', 'United States'), ('Falmouth', 'United States'), ('Hingham', 'United States'), ('Nantucket', 'United States'), ('North Falmouth', 'United States'), ('Otis', 'United States'), ('Plymouth', 'United States'), ('Southborough', 'United States'), ('Townsend', 'United States'), ('Warren', 'United States'), ('Augusta', 'United States'), ('Caribou', 'United States'), ('Franklin', 'United States'), ('Friendship', 'United States'), ('Houlton', 'United States'), ('Saint George', 'United States'), ('Wells Beach Station', 'United States'), ('Buchanan', 'United States'), ('Detroit Beach', 'United States'), ('Eagle River', 'United States'), ('Elk Rapids', 'United States'), ('Fremont', 'United States'), ('Gaylord', 'United States'), ('Greilickville', 'United States'), ('Hamtramck', 'United States'), ('Hastings', 'United States'), ('Lakeview', 'United States'), ('Lathrup Village', 'United States'), ('Mio', 'United States'), ('Mount Clemens', 'United States'), ('Quinnesec', 'United States'), ('Richmond', 'United States');