INSERT INTO cities (name, cou_name_en) VALUES ('Arcugnano-Torri', 'Italy'), ('Arcidosso', 'Italy'), ('Anela', 'Italy'), ('Ameno', 'Italy'), ('Amandola', 'Italy'), ('Alfiano Natta', 'Italy'), ('Agrate Brianza', 'Italy'), ('Agordo', 'Italy'), ('Aglie', 'Italy'), ('Acqui Terme', 'Italy'), ('Lido degli Estensi', 'Italy'), ('Chiopris', 'Italy'), ('Crepaldo', 'Italy'), ('Falze-Signoressa', 'Italy'), ('Sant'Alberto', 'Italy'), ('Spinea-Orgnano', 'Italy'), ('Merso di Sopra', 'Italy'), ('Bordano', 'Italy'), ('Ramuscello', 'Italy'), ('Cloz', 'Italy'), ('Uboldo', 'Italy'), ('Casagiove', 'Italy'), ('Mombarcaro', 'Italy'), ('Rocchetta Belbo', 'Italy'), ('Caprauna', 'Italy'), ('Saint-Denis', 'Italy'), ('Mendatica', 'Italy'), ('Lozza', 'Italy'), ('Orino', 'Italy'), ('Caslino d'Erba', 'Italy'), ('Arnasco', 'Italy'), ('Ossuccio', 'Italy'), ('Isola di Fondra', 'Italy'), ('Polpenazze del Garda', 'Italy'), ('Zenevredo', 'Italy'), ('Lisignago', 'Italy'), ('Nogaredo', 'Italy'), ('Montecorvino Pugliano', 'Italy'), ('Montemale di Cuneo', 'Italy'), ('Agra', 'Italy'), ('Correzzana', 'Italy'), ('Lazzate', 'Italy'), ('Castana', 'Italy'), ('Casaletto Vaprio', 'Italy'), ('Drizzona', 'Italy'), ('Arcinazzo Romano', 'Italy'), ('Armo', 'Italy'), ('Ferrera di Varese', 'Italy'), ('Bubbiano', 'Italy'), ('San Giorgio Su Legnano', 'Italy'), ('Bolgare', 'Italy'), ('Grassobbio', 'Italy'), ('Casaletto di Sopra', 'Italy'), ('Cercenasco', 'Italy'), ('Sant'Angelo A Cupolo', 'Italy'), ('Sperone', 'Italy'), ('Bulciago', 'Italy'), ('Garlate', 'Italy'), ('Rogeno', 'Italy'), ('Villanova del Sillaro', 'Italy'), ('Cafasse', 'Italy'), ('Piscina', 'Italy'), ('Alto', 'Italy'), ('Pino d'Asti', 'Italy'), ('Spiazzo', 'Italy'), ('Cervarese Santa Croce', 'Italy'), ('Semproniano', 'Italy'), ('Roccamorice', 'Italy'), ('Ali Terme', 'Italy'), ('Ternengo', 'Italy'), ('Letino', 'Italy'), ('Lovero', 'Italy'), ('Bergolo', 'Italy'), ('Ceresole Alba', 'Italy'), ('Mercatale', 'Italy'), ('Avane', 'Italy'), ('Tagliuno', 'Italy'), ('Terraverde-Corte Palasio', 'Italy'), ('Centobuchi', 'Italy'), ('Bassone', 'Italy'), ('Arpino', 'Italy'), ('Vill'Albese', 'Italy'), ('Rometta Marea', 'Italy'), ('Stra-Montanara-Pieve', 'Italy'), ('San Vigilio', 'Italy'), ('Lido di Fermo', 'Italy'), ('Marzanello', 'Italy'), ('Chef-Lieu', 'Italy'), ('Praticello', 'Italy'), ('Vidardo', 'Italy'), ('Pedalino', 'Italy'), ('San Salvo Marina', 'Italy'), ('Cepina', 'Italy'), ('Forche', 'Italy'), ('Sant'Albino', 'Italy'), ('Belverde', 'Italy'), ('Provezze', 'Italy'), ('Sant'Andrea', 'Italy'), ('Fane', 'Italy'), ('Pasteria-Lapide', 'Italy'), ('Brezza', 'Italy'), ('Agrate', 'Italy'), ('San Prospero', 'Italy'), ('Nava', 'Italy'), ('Pederiva', 'Italy'), ('Fontanella-Ozino', 'Italy'), ('Zoppe di Cadore', 'Italy'), ('Don', 'Italy'), ('Scalo di Baragiano', 'Italy'), ('Chiaiano', 'Italy'), ('Runaway Bay', 'Jamaica'), ('Old Harbour', 'Jamaica'), ('Lucea', 'Jamaica'), ('Wadi as Sir', 'Jordan'), ('Sama as Sirhan', 'Jordan'), ('Sal', 'Jordan'), ('Kitim', 'Jordan'), ('Hisban', 'Jordan'), ('As Salt', 'Jordan'), ('Qir Moav', 'Jordan'), ('Al Jubayhah', 'Jordan'), ('Muthallath Sabha', 'Jordan'), ('Wajima', 'Japan'), ('Utsunomiya', 'Japan'), ('Ushibukamachi', 'Japan'), ('Uekimachi-mono', 'Japan'), ('Toyota', 'Japan'), ('Toyohama', 'Japan'), ('Tokorozawa', 'Japan'), ('Tajimi', 'Japan'), ('Sugito', 'Japan'), ('El Progreso', 'Guatemala'), ('Barberena', 'Guatemala'), ('Yigo Village', 'Guam'), ('Shouson Hill', 'Hong Kong, China'), ('Sham Tseng', 'Hong Kong, China'), ('Sai Wan', 'Hong Kong, China'), ('Pui O', 'Hong Kong, China'), ('Jardine's Lookout', 'Hong Kong, China'), ('Hang Hau', 'Hong Kong, China'), ('Prince Edward', 'Hong Kong, China'), ('Jat Min Chuen', 'Hong Kong, China'), ('Laguna Verde (Estate)', 'Hong Kong, China'), ('Choi Wan Estate (I & II)', 'Hong Kong, China'), ('Lung Poon Court', 'Hong Kong, China'), ('Yaguacire', 'Honduras'), ('Tepusteca', 'Honduras'), ('San Jose de Comayagua', 'Honduras'), ('Quebrada Seca', 'Honduras'), ('Punta Ocote', 'Honduras'), ('Lepaera', 'Honduras'), ('La Union', 'Honduras'), ('Las Trojes', 'Honduras'), ('Las Lajas', 'Honduras'), ('La Esperanza', 'Honduras'), ('La Entrada', 'Honduras'), ('Guaimaca', 'Honduras'), ('Goascoran', 'Honduras'), ('El Porvenir', 'Honduras'), ('El Ocoton', 'Honduras'), ('El Corpus', 'Honduras'), ('Cusuna', 'Honduras'), ('Cololaca', 'Honduras'), ('Balsamo Oriental', 'Honduras'), ('Agua Blanca Sur', 'Honduras'), ('Sveti Kriz Zacretje', 'Croatia'), ('Virovitica', 'Croatia'), ('Virje', 'Croatia'), ('Stitar', 'Croatia'), ('Sigetec', 'Croatia'), ('Prgomet', 'Croatia'), ('Prelog', 'Croatia'), ('Poljanica Bistranska', 'Croatia'), ('Polaca', 'Croatia'), ('Slatina', 'Croatia'), ('Pleternica', 'Croatia'), ('Orahovica', 'Croatia'), ('Odranski Obrez', 'Croatia'), ('Novo Cice', 'Croatia'), ('Dulovac', 'Croatia'), ('Lokve', 'Croatia'), ('Kucan Marof', 'Croatia'), ('Krasica', 'Croatia'), ('Koncanica', 'Croatia'), ('Kastel Kambelovac', 'Croatia'), ('Jaksic', 'Croatia'), ('Galizana', 'Croatia'), ('Darda', 'Croatia'), ('Cerovlje', 'Croatia'), ('Banjol', 'Croatia'), ('Bakar', 'Croatia'), ('Krc Bosiljevski', 'Croatia'), ('Verrettes', 'Haiti'), ('Thiotte', 'Haiti'), ('Milot', 'Haiti'), ('Kotdefe', 'Haiti'), ('Szekkutas', 'Hungary'), ('Sarand', 'Hungary'), ('Nyirgyulaj', 'Hungary'), ('Medgyesegyhaza', 'Hungary'), ('Jaszszentandras', 'Hungary'), ('Jaszkarajeno', 'Hungary'), ('Foldeak', 'Hungary'), ('Baks', 'Hungary'), ('Alsozsolca', 'Hungary'), ('Zsambok', 'Hungary'), ('Zanka', 'Hungary'), ('Veroce', 'Hungary'), ('Vac', 'Hungary'), ('Turje', 'Hungary'), ('Tet', 'Hungary'), ('Tazlar', 'Hungary'), ('Tarjan', 'Hungary'), ('Tapiosag', 'Hungary'), ('Szodliget', 'Hungary'), ('Szada', 'Hungary'), ('Sarbogard', 'Hungary'), ('Retsag', 'Hungary'), ('Pincehely', 'Hungary'), ('Pecs', 'Hungary'), ('Nagycenk', 'Hungary'), ('Nagyatad', 'Hungary'), ('Murakeresztur', 'Hungary'), ('Maglod', 'Hungary'), ('Kapuvar', 'Hungary'), ('Jobbagyi', 'Hungary'), ('Ivancsa', 'Hungary'), ('Gyorszemere', 'Hungary'), ('Gyongyossolymos', 'Hungary'), ('Dunavarsany', 'Hungary'), ('Csopak', 'Hungary'), ('Bicske', 'Hungary'), ('Budapest VI. keruelet', 'Hungary'), ('Budapest XXIII. keruelet', 'Hungary'), ('Talu', 'Indonesia'), ('Rikitgaib', 'Indonesia'), ('Muara Sipongi', 'Indonesia'), ('Yosowilangun', 'Indonesia'), ('Wonopringgo', 'Indonesia'), ('Wanurian', 'Indonesia'), ('Kolaka', 'Indonesia'), ('Sengkang', 'Indonesia'), ('Tanjungsamalantakan', 'Indonesia'), ('Ranai', 'Indonesia'), ('Pasar Wajo', 'Indonesia'), ('Pagelaran', 'Indonesia'), ('Negara', 'Indonesia'), ('Mojosari', 'Indonesia'), ('Masmambang', 'Indonesia'), ('Majalengka', 'Indonesia'), ('Maesan', 'Indonesia'), ('Longkali', 'Indonesia'), ('Karangintan', 'Indonesia'), ('Juwana', 'Indonesia'), ('Dungkek', 'Indonesia'), ('Ipuh', 'Indonesia'), ('Geser', 'Indonesia'), ('Gedong Tataan', 'Indonesia'), ('Fakfak', 'Indonesia'), ('Daruba', 'Indonesia'), ('Cisompet', 'Indonesia'), ('Bunga Mas', 'Indonesia'), ('Bulu', 'Indonesia'), ('Bandung', 'Indonesia'), ('Sukamaju', 'Indonesia'), ('Kadai', 'Indonesia'), ('Kebayakan', 'Indonesia'), ('Drien Rampak', 'Indonesia'), ('Pohgending Kawan', 'Indonesia'), ('Talibura', 'Indonesia'), ('Werang', 'Indonesia'), ('Parabon', 'Indonesia'), ('Dibee', 'Indonesia'), ('Batakte', 'Indonesia'), ('Kuanfatu', 'Indonesia'), ('Rambangaru', 'Indonesia'), ('Negeriagung', 'Indonesia'), ('Kota Agung', 'Indonesia'), ('Sibreh', 'Indonesia'), ('Alue Bilie', 'Indonesia'), ('Wiralaga Mulya', 'Indonesia'), ('Aimas', 'Indonesia'), ('Jembrana Subdistrict', 'Indonesia'), ('Trim', 'Ireland'), ('Templemore', 'Ireland'), ('Portlaw', 'Ireland'), ('Naas', 'Ireland'), ('Moate', 'Ireland'), ('Lusk', 'Ireland'), ('Kilkee', 'Ireland'), ('Courtown', 'Ireland'), ('Banagher', 'Ireland'), ('Abbeyleix', 'Ireland'), ('Nenagh Bridge', 'Ireland'), ('Drumcondra', 'Ireland'), ('Donaghmede', 'Ireland'), ('Killester', 'Ireland'), ('Confey', 'Ireland'), ('Kokhav HaShahar', 'Israel'), ('TelYitshaq', 'Israel'), ('Regba', 'Israel'), ('Ramat HaSharon', 'Israel'), ('Nesher', 'Israel'), ('Nehalim', 'Israel'), ('Na'an', 'Israel'), ('Majd el Kurum', 'Israel'), ('KfarRoshHaNiqra', 'Israel'), ('Kfar Hess', 'Israel'), (''En Ayyala', 'Israel'), ('Be'er Ya'aqov', 'Israel'), (''Amminadav', 'Israel'), ('MitspeNetofa', 'Israel'), ('Zemer', 'Israel'), ('Ariel', 'Israel'), ('Hura', 'Israel'), ('Castletown', 'Isle of Man'), ('Vyara', 'India'), ('Visavadar', 'India'), ('Varkala', 'India'), ('Vaniyambadi', 'India'), ('Umreth', 'India'), ('Ukwa', 'India'), ('Udayagiri', 'India'), ('Thiruvidaimaruthur', 'India'), ('Tiruvallur', 'India'), ('Tirupparangunram', 'India'), ('Tikamgarh', 'India'), ('Teghra', 'India'), ('Susner', 'India'), ('Soalkuchi', 'India'), ('Sivakasi', 'India'), ('Sijua', 'India'), ('Shikohabad', 'India'), ('Seram', 'India'), ('Satna', 'India'), ('Sarauli', 'India'), ('Sambalpur', 'India'), ('Samba', 'India'), ('Salaya', 'India'), ('Sagar', 'India'), ('Sadri', 'India'), ('Roorkee', 'India'), ('Roha', 'India'), ('Richha', 'India'), ('Rengali', 'India'), ('Ranir Bazar', 'India'), ('Ranchi', 'India'), ('Raiganj', 'India'), ('Raebareli', 'India'), ('Kasba', 'India'), ('Purna', 'India'), ('Porbandar', 'India'), ('Ponneri', 'India'), ('Pehowa', 'India'), ('Patiali', 'India'), ('Pappinissheri', 'India'), ('Pandharpur', 'India'), ('Pallippatti', 'India'), ('Pallipattu', 'India'), ('Palampur', 'India'), ('Pakur', 'India'), ('Ottappalam', 'India'), ('Numaligarh', 'India'), ('Nizamabad', 'India'), ('Nichlaul', 'India'), ('Neyyattinkara', 'India'), ('Nayudupet', 'India'), ('Navadwip', 'India'), ('Nannilam', 'India'), ('Nanguneri', 'India'), ('Naini Tal', 'India'), ('Mustafabad', 'India'), ('Murtajapur', 'India'), ('Morsi', 'India'), ('Mokokchung', 'India'), ('Minjur', 'India'), ('Mehndawal', 'India'), ('Mau', 'India'), ('Manwat', 'India'), ('Mansa', 'India'), ('Manjeshvar', 'India'), ('Mandla', 'India'), ('Manalurpettai', 'India'), ('Mainaguri', 'India'), ('Mahemdavad', 'India'), ('Maghar', 'India'), ('Madgaon', 'India'), ('Ladwa', 'India'), ('Kuttampuzha', 'India'), ('Kot Isa Khan', 'India'), ('Korukollu', 'India'), ('Kishangarh', 'India'), ('Kiranur', 'India'), ('Kharkhauda', 'India'), ('Khanna', 'India'), ('Khambhaliya', 'India'), ('Khairagarh', 'India'), ('Karnal', 'India'), ('Kanker', 'India'), ('Kamalganj', 'India'), ('Kallupatti', 'India'), ('Kaintragarh', 'India'), ('Jalandhar', 'India'), ('Jashpurnagar', 'India'), ('Bain-de-Bretagne', 'France'), ('Bailly-Romainvilliers', 'France'), ('Ayse', 'France'), ('Avrille', 'France'), ('Avanton', 'France'), ('Auxy', 'France'), ('Auxi-le-Chateau', 'France'), ('Auvillar', 'France'), ('Autun', 'France'), ('Aubais', 'France'), ('Artenay', 'France'), ('Ars-sur-Moselle', 'France'), ('Arques-la-Bataille', 'France'), ('Argentan', 'France'), ('Arenthon', 'France'), ('Archigny', 'France'), ('Annoeullin', 'France'), ('Andard', 'France'), ('Ancy-le-Franc', 'France'), ('Ampuis', 'France'), ('Aiton', 'France'), ('Ablain-Saint-Nazaire', 'France'), ('Saint-Mitre', 'France'), ('Saint-Quentin-en-Yvelines', 'France'), ('La Joliette', 'France'), ('Notre-Dame du Mont', 'France'), ('Winford', 'United Kingdom'), ('Wilmcote', 'United Kingdom'), ('Willerby', 'United Kingdom'), ('West Malling', 'United Kingdom'), ('Weedon Bec', 'United Kingdom'), ('Watton', 'United Kingdom'), ('Wallsend', 'United Kingdom'), ('Ushaw Moor', 'United Kingdom'), ('Upwell', 'United Kingdom'), ('Todmorden', 'United Kingdom'), ('Symington', 'United Kingdom'), ('Sudbury', 'United Kingdom'), ('Stillington', 'United Kingdom'), ('Staplehurst', 'United Kingdom'), ('Stansted Mountfitchet', 'United Kingdom'), ('Standon', 'United Kingdom'), ('Stainton', 'United Kingdom'), ('Spittal', 'United Kingdom'), ('South Witham', 'United Kingdom'), ('Shipston on Stour', 'United Kingdom'), ('Shipdham', 'United Kingdom'), ('Salisbury', 'United Kingdom'), ('Saline', 'United Kingdom'), ('Saint Boswells', 'United Kingdom'), ('Ruskington', 'United Kingdom'), ('Royton', 'United Kingdom'), ('Rothes', 'United Kingdom'), ('Romsley', 'United Kingdom'), ('Rhosneigr', 'United Kingdom'), ('Reigate', 'United Kingdom'), ('Redcar', 'United Kingdom'), ('Presteigne', 'United Kingdom'), ('Prestatyn', 'United Kingdom'), ('Pickering', 'United Kingdom'), ('Petton', 'United Kingdom'), ('Patrington', 'United Kingdom'), ('Paignton', 'United Kingdom'), ('Oxford', 'United Kingdom'), ('Orleton', 'United Kingdom'), ('Old Leake', 'United Kingdom'), ('North Thoresby', 'United Kingdom'), ('North Shields', 'United Kingdom'), ('North Petherton', 'United Kingdom'), ('North Berwick', 'United Kingdom'), ('Newtownstewart', 'United Kingdom'), ('Newtonmore', 'United Kingdom'), ('New Cross', 'United Kingdom'), ('Netherton', 'United Kingdom'), ('Muirhead', 'United Kingdom'), ('Morpeth', 'United Kingdom'), ('Mollington', 'United Kingdom'), ('Market Lavington', 'United Kingdom'), ('Marchwood', 'United Kingdom'), ('Lockerbie', 'United Kingdom'), ('Lochmaben', 'United Kingdom'), ('Lidlington', 'United Kingdom'), ('Ledsham', 'United Kingdom'), ('Leatherhead', 'United Kingdom'), ('Kingstone', 'United Kingdom'), ('Kineton', 'United Kingdom'), ('Kennoway', 'United Kingdom'), ('Kenilworth', 'United Kingdom'), ('Jarrow', 'United Kingdom'), ('Jacobstow', 'United Kingdom'), ('Isleworth', 'United Kingdom'), ('Huntley', 'United Kingdom'), ('Hounslow', 'United Kingdom'), ('Hill', 'United Kingdom'), ('Henley in Arden', 'United Kingdom'), ('Hatfield Peverel', 'United Kingdom'), ('Haslemere', 'United Kingdom'), ('Hartlebury', 'United Kingdom'), ('Halesowen', 'United Kingdom'), ('Gullane', 'United Kingdom'), ('Guilsfield', 'United Kingdom'), ('Great Gransden', 'United Kingdom'), ('Great Ayton', 'United Kingdom'), ('Glenboig', 'United Kingdom'), ('Girvan', 'United Kingdom'), ('Friockheim', 'United Kingdom'), ('Four Crosses', 'United Kingdom'), ('Fishbourne', 'United Kingdom'), ('Finedon', 'United Kingdom'), ('Eyemouth', 'United Kingdom'), ('Esher', 'United Kingdom'), ('Erith', 'United Kingdom'), ('Elstree', 'United Kingdom'), ('Dyserth', 'United Kingdom'), ('Dorchester', 'United Kingdom'), ('Doncaster', 'United Kingdom'), ('Distington', 'United Kingdom'), ('Dale', 'United Kingdom'), ('Cupar', 'United Kingdom'), ('Creswell', 'United Kingdom'), ('Coylton', 'United Kingdom'), ('Cottingham', 'United Kingdom'), ('Corston', 'United Kingdom'), ('Collington', 'United Kingdom'), ('Clapham', 'United Kingdom'), ('Chipping Campden', 'United Kingdom'), ('Carterton', 'United Kingdom'), ('Campbeltown', 'United Kingdom'), ('Callington', 'United Kingdom'), ('Burwell', 'United Kingdom'), ('Burton Latimer', 'United Kingdom'), ('Burnham-on-Sea', 'United Kingdom'), ('Bunbury', 'United Kingdom'), ('Broadstone', 'United Kingdom'), ('Brading', 'United Kingdom'), ('Box', 'United Kingdom'), ('Boreham', 'United Kingdom'), ('Bo'ness', 'United Kingdom'), ('Blackpool', 'United Kingdom'), ('Berkswell', 'United Kingdom'), ('Bempton', 'United Kingdom'), ('Beauly', 'United Kingdom'), ('Banwell', 'United Kingdom'), ('Banham', 'United Kingdom'), ('Balloch', 'United Kingdom'), ('Bakewell', 'United Kingdom'), ('Aylsham', 'United Kingdom'), ('Alrewas', 'United Kingdom'), ('Aldford', 'United Kingdom'), ('Airmyn', 'United Kingdom'), ('Crosby', 'United Kingdom'), ('Lynemouth', 'United Kingdom'), ('Grovesend', 'United Kingdom'), ('Craigavon', 'United Kingdom'), ('Bar Hill', 'United Kingdom'), ('Moodiesburn', 'United Kingdom'), ('Smithton', 'United Kingdom'), ('Brixton', 'United Kingdom'), ('Billington', 'United Kingdom'), ('Knaphill', 'United Kingdom'), ('Southchurch Village', 'United Kingdom'), ('High Barnet', 'United Kingdom'), ('Burgh Heath', 'United Kingdom'), ('Bellsbank', 'United Kingdom'), ('Wood Street Village', 'United Kingdom'), ('Wolvercote', 'United Kingdom'), ('Shortlands', 'United Kingdom'), ('Blackridge', 'United Kingdom'), ('Canonbury', 'United Kingdom'), ('Six Bells', 'United Kingdom'), ('Ts'aghveri', 'Georgia'), ('Chokhat'auri', 'Georgia'), ('Bagdadi', 'Georgia'), ('Adigeni', 'Georgia'), ('Remire-Montjoly', 'French Guiana'), ('Koforidua', 'Ghana'), ('Wellingara Ba', 'Gambia'), ('Madiana', 'Gambia'), ('Farafenni', 'Gambia'), ('Tokonou', 'Guinea'), ('Telimele', 'Guinea'), ('Mandiana', 'Guinea'), ('Pointe-Noire', 'Guadeloupe'), ('Ncue', 'Equatorial Guinea'), ('Zakynthos', 'Greece'), ('Gefyra', 'Greece'), ('Spetses', 'Greece'), ('Skyros', 'Greece'), ('Synoikismos Chavariou', 'Greece'), ('Savalia', 'Greece'), ('Politika', 'Greece'), ('Pappadhatai', 'Greece'), ('Neapoli', 'Greece'), ('Nafpaktos', 'Greece'), ('Mytilene', 'Greece'), ('Menidi', 'Greece'), ('Malia', 'Greece'), ('Koutselio', 'Greece'), ('Kirra', 'Greece'), ('Chalandritsa', 'Greece'), ('Kato Mazaraki', 'Greece'), ('Kanalia', 'Greece'), ('Kainouryion', 'Greece'), ('Itea', 'Greece'), ('Gonnoi', 'Greece'), ('Filippiada', 'Greece'), ('Arkoudi', 'Greece'), ('Agia Galini', 'Greece'), ('Argostolion', 'Greece'), ('Ano Kalentini', 'Greece'), ('Antiparos', 'Greece'), ('Genissea', 'Greece'), ('Volakas', 'Greece'), ('Thermi', 'Greece'), ('Sapes', 'Greece'), ('Petroussa', 'Greece'), ('Palaiochori', 'Greece'), ('Oraiokastro', 'Greece'), ('Neochori', 'Greece'), ('Nea Plagia', 'Greece'), ('Nea Efesos', 'Greece'), ('Chrysavgi', 'Greece'), ('Kato Scholari', 'Greece'), ('Kato Milia', 'Greece'), ('Eleftheroupolis', 'Greece'), ('Agios Vasileios', 'Greece'), ('Arisvi', 'Greece'), ('Kato Gouves', 'Greece'), ('Ymittos', 'Greece'), ('Todos Santos Cuchumatan', 'Guatemala'), ('Tacana', 'Guatemala'), ('Santa Maria Ixhuatan', 'Guatemala'), ('San Martin Zapotitlan', 'Guatemala'), ('Panzos', 'Guatemala'), ('Moyuta', 'Guatemala'), ('Mataquescuintla', 'Guatemala'), ('Los Amates', 'Guatemala'), ('Livingston', 'Guatemala'), ('Lanquin', 'Guatemala'), ('La Chapelle-Saint-Laurent', 'France'), ('La Chapelle-des-Fougeretz', 'France'), ('La Bourboule', 'France'), ('La Begude-de-Mazenc', 'France'), ('Jebsheim', 'France'), ('Hœnheim', 'France'), ('Herrlisheim-pres-Colmar', 'France'), ('Groissiat', 'France'), ('Gries', 'France'), ('Grenay', 'France'), ('Granges-sur-Vologne', 'France'), ('Gontaud-de-Nogaret', 'France'), ('Gonfaron', 'France'), ('Goetzenbruck', 'France'), ('Gieres', 'France'), ('Ger', 'France'), ('Gelles', 'France'), ('Gabarret', 'France'), ('Fresnes', 'France'), ('Fresnay-sur-Sarthe', 'France'), ('Foug', 'France'), ('Fontaines-Saint-Martin', 'France'), ('Fleury-Merogis', 'France'), ('Faverney', 'France'), ('Falicon', 'France'), ('Ergue-Gaberic', 'France'), ('Druelle', 'France'), ('Dreuil-les-Amiens', 'France'), ('Dremil-Lafage', 'France'), ('Doudeville', 'France'), ('Dompierre-sur-Besbre', 'France'), ('Domme', 'France'), ('Divion', 'France'), ('Derval', 'France'), ('Davezieux', 'France'), ('Daumeray', 'France'), ('Damelevieres', 'France'), ('Dainville', 'France'), ('Cuincy', 'France'), ('Crosne', 'France'), ('Coussac-Bonneval', 'France'), ('Coulommiers', 'France'), ('Coubron', 'France'), ('Corseul', 'France'), ('Corbreuse', 'France'), ('Conlie', 'France'), ('Collonges', 'France'), ('Coignieres', 'France'), ('Clouange', 'France'), ('Cintre', 'France'), ('Chindrieux', 'France'), ('Chevanceaux', 'France'), ('Chepy', 'France'), ('Cheny', 'France'), ('Chaumont', 'France'), ('Chatillon-sur-Seine', 'France'), ('Chatillon', 'France'), ('Chatillon', 'France'), ('Chatenoy-le-Royal', 'France'), ('Chateauneuf-les-Martigues', 'France'), ('Chassagny', 'France'), ('Chartres-de-Bretagne', 'France'), ('Chancelade', 'France'), ('Champenoux', 'France'), ('Chamberet', 'France'), ('Chalabre', 'France'), ('Certines', 'France'), ('Cerons', 'France'), ('Cazeres-sur-l'Adour', 'France'), ('Cattenom', 'France'), ('Carquefou', 'France'), ('Cambrai', 'France'), ('Cambes', 'France'), ('Calvi', 'France'), ('Callas', 'France'), ('Cabasse', 'France'), ('Burlats', 'France'), ('Bruyeres-et-Montberault', 'France'), ('Brout-Vernet', 'France'), ('Brinon-sur-Sauldre', 'France'), ('Briey', 'France'), ('Bricquebec', 'France'), ('Bretteville', 'France'), ('Breteuil', 'France'), ('Brando', 'France'), ('Branderion', 'France'), ('Bouvesse-Quirieu', 'France'), ('Boeil-Bezing', 'France'), ('Blenod-les-Pont-a-Mousson', 'France'), ('Billom', 'France'), ('Beuvillers', 'France'), ('Bertry', 'France'), ('Berrien', 'France'), ('Bernaville', 'France'), ('Belleville-sur-Meuse', 'France'), ('Beauval', 'France'), ('Beaulieu-sur-Mer', 'France'), ('Baziege', 'France'), ('Bavans', 'France'), ('Barbatre', 'France'), ('Jaisalmer', 'India'), ('Jagraon', 'India'), ('Itarsi', 'India'), ('Iringal', 'India'), ('Indi', 'India'), ('Idappadi', 'India'), ('Hyderabad', 'India'), ('Hadagalli', 'India'), ('Guskhara', 'India'), ('Gondal', 'India'), ('Gobardanga', 'India'), ('Ghogha', 'India'), ('Elamanchili', 'India'), ('Dum Duma', 'India'), ('Dornakal', 'India'), ('Digras', 'India'), ('Digboi', 'India'), ('Dhenkanal', 'India'), ('Devarkonda', 'India'), ('Deori Khas', 'India'), ('Dayal Bagh', 'India'), ('Cholapuram', 'India'), ('Chakradharpur', 'India'), ('Bisalpur', 'India'), ('Bilsanda', 'India'), ('Bhuma', 'India'), ('Bhayandar', 'India'), ('Bhattiprolu', 'India'), ('Basi', 'India'), ('Barmer', 'India'), ('Bareilly', 'India'), ('Banda', 'India'), ('Balod', 'India'), ('Balimila', 'India'), ('Baldev', 'India'), ('Baidyabati', 'India'), ('Bahsuma', 'India'), ('Baharampur', 'India'), ('Avadi', 'India'), ('Aurad', 'India'), ('Arantangi', 'India'), ('Anuppur', 'India'), ('Ambikapur', 'India'), ('Alwaye', 'India'), ('Alot', 'India'), ('Adoni', 'India'), ('Addanki', 'India'), ('Raghudebbati', 'India'), ('Auroville', 'India'), ('Kotkapura', 'India'), ('Mandideep', 'India'), ('Kyathampalle', 'India'), ('Cherpulassery', 'India'), ('Phusro', 'India'), ('Jiribam', 'India'), ('Koonimedu', 'India'), ('Amaravati', 'India'), ('Pimpalkhuta', 'India'), ('Chirmiri', 'India'), ('Tikrit', 'Iraq'), ('Hadithah', 'Iraq'), ('Al Kahla'', 'Iraq'), ('Al 'Awjah', 'Iraq'), ('Ad Dawr', 'Iraq'), ('Taleqan', 'Iran, Islamic Rep. of'), ('Qarah Aghaj', 'Iran, Islamic Rep. of'), ('Zarrinabad', 'Iran, Islamic Rep. of'), ('Torqabeh', 'Iran, Islamic Rep. of'), ('Qorveh', 'Iran, Islamic Rep. of'), ('Kia Kola', 'Iran, Islamic Rep. of'), ('Khomarlu', 'Iran, Islamic Rep. of'), ('Hoveyzeh', 'Iran, Islamic Rep. of'), ('Bandar-e Torkaman', 'Iran, Islamic Rep. of'), ('Azna', 'Iran, Islamic Rep. of'), ('Falavarjan', 'Iran, Islamic Rep. of'), ('Nehbandan', 'Iran, Islamic Rep. of'), ('Iranshahr', 'Iran, Islamic Rep. of'), ('Neskaupstadur', 'Iceland'), ('Akureyri', 'Iceland'), ('Vita', 'Italy'), ('Uta', 'Italy'), ('Torregrotta', 'Italy'), ('Soveria Mannelli', 'Italy'), ('Sommatino', 'Italy'), ('Solanas', 'Italy'), ('Siamaggiore', 'Italy'), ('Scillato', 'Italy'), ('Scarcelli', 'Italy'), ('Santa Giusta', 'Italy'), ('San Martino', 'Italy'), ('San Giovanni Gemini', 'Italy'), ('Ricadi', 'Italy'), ('Shinshiro', 'Japan'), ('Sakurai', 'Japan'), ('Narutocho-mitsuishi', 'Japan'), ('Miyada', 'Japan'), ('Mino', 'Japan'), ('Kusatsu', 'Japan'), ('Kumamoto', 'Japan'), ('Yatton', 'United Kingdom'), ('Rittersgruen', 'Germany'), ('Rheurdt', 'Germany'), ('Rethen', 'Germany'), ('Reichertshofen', 'Germany'), ('Rehna', 'Germany'), ('Rassnitz', 'Germany'), ('Raisting', 'Germany'), ('Radeburg', 'Germany'), ('Prohn', 'Germany'), ('Poessneck', 'Germany'), ('Pommelsbrunn', 'Germany'), ('Pluderhausen', 'Germany'), ('Ploetzky', 'Germany'), ('Pliening', 'Germany'), ('Plattenburg', 'Germany'), ('Pfaffing', 'Germany'), ('Petting', 'Germany'), ('Penkun', 'Germany'), ('Ostrau', 'Germany'), ('Osthofen', 'Germany'), ('Ortenburg', 'Germany'), ('Oranienbaum', 'Germany'), ('Offenau', 'Germany'), ('Oederan', 'Germany'), ('Oebisfelde', 'Germany'), ('Oberroeblingen', 'Germany'), ('Obermichelbach', 'Germany'), ('Nindorf', 'Germany'), ('Niedernhausen', 'Germany'), ('Niederkruchten', 'Germany'), ('Niederbreitbach', 'Germany'), ('Neustadt an der Aisch', 'Germany'), ('Neukirchen', 'Germany'), ('Neuburg', 'Germany'), ('Nauwalde', 'Germany'), ('Muenstermaifeld', 'Germany'), ('Munchberg', 'Germany'), ('Muhlacker', 'Germany'), ('Monchsdeggingen', 'Germany'), ('Mommenheim', 'Germany'), ('Mitterskirchen', 'Germany'), ('Minden', 'Germany'), ('Markt Rettenbach', 'Germany'), ('Markersdorf', 'Germany'), ('Marienwerder', 'Germany'), ('Manschnow', 'Germany'), ('Maierhofen', 'Germany'), ('Luetzow', 'Germany'), ('Loxstedt', 'Germany'), ('Lohsa', 'Germany'), ('Linau', 'Germany'), ('Lich', 'Germany'), ('Leutenberg', 'Germany'), ('Lengdorf', 'Germany'), ('Leiferde', 'Germany'), ('Leezen', 'Germany'), ('Laufen', 'Germany'), ('Laufach', 'Germany'), ('Lauenhagen', 'Germany'), ('Langenbogen', 'Germany'), ('Landstuhl', 'Germany'), ('Lamstedt', 'Germany'), ('Lambrechtshagen', 'Germany'), ('Ladenburg', 'Germany'), ('Kups', 'Germany'), ('Kuppenheim', 'Germany'), ('Kroppenstedt', 'Germany'), ('Kreuth', 'Germany'), ('Krempe', 'Germany'), ('Koserow', 'Germany'), ('Kolbermoor', 'Germany'), ('Kleinwallstadt', 'Germany'), ('Kinderbeuern', 'Germany'), ('Kieselbronn', 'Germany'), ('Ketzin', 'Germany'), ('Kayna', 'Germany'), ('Kassel', 'Germany'), ('Kaltenwestheim', 'Germany'), ('Kallmunz', 'Germany'), ('Kaiserslautern', 'Germany'), ('Juist', 'Germany'), ('Johanniskirchen', 'Germany'), ('Jatznick', 'Germany'), ('Ingoldingen', 'Germany'), ('Ichtershausen', 'Germany'), ('Hotensleben', 'Germany'), ('Hornburg', 'Germany'), ('Horhausen', 'Germany'), ('Horben', 'Germany'), ('Heubach', 'Germany'), ('Heringen', 'Germany'), ('Herbolzheim', 'Germany'), ('Heilsbronn', 'Germany'), ('Heidesheim', 'Germany'), ('Hechthausen', 'Germany'), ('Hechingen', 'Germany'), ('Hebertsfelden', 'Germany'), ('Hattersheim', 'Germany'), ('Hassfurt', 'Germany'), ('Halstenbek', 'Germany'), ('Haiterbach', 'Germany'), ('Grosslangheim', 'Germany'), ('Gross Kummerfeld', 'Germany'), ('Grosskorbetha', 'Germany'), ('Groenwohld', 'Germany'), ('Grefrath', 'Germany'), ('Greffern', 'Germany'), ('Gornau', 'Germany'), ('Gloethe', 'Germany'), ('Gliesmarode', 'Germany'), ('Gerzen', 'Germany'), ('Gerstetten', 'Germany'), ('Gemmingen', 'Germany'), ('Gau-Algesheim', 'Germany'), ('Garz', 'Germany'), ('Gangloffsoemmern', 'Germany'), ('Gaienhofen', 'Germany'), ('Fuerstenau', 'Germany'), ('Froendenberg', 'Germany'), ('Freyung', 'Germany'), ('Frensdorf', 'Germany'), ('Finsterbergen', 'Germany'), ('Finnentrop', 'Germany'), ('Fichtenberg', 'Germany'), ('Felsberg', 'Germany'), ('Farnstadt', 'Germany'), ('Evessen', 'Germany'), ('Esthal', 'Germany'), ('Espelkamp', 'Germany'), ('Eschelbronn', 'Germany'), ('Eppendorf', 'Germany'), ('Engelsberg', 'Germany'), ('Elsterwerda', 'Germany'), ('Elsendorf', 'Germany'), ('Ellingen', 'Germany'), ('Eichwalde', 'Germany'), ('Ehrenburg', 'Germany'), ('Eckersdorf', 'Germany'), ('Ebstorf', 'Germany'), ('Ebergoetzen', 'Germany'), ('Duvenstedt', 'Germany'), ('Durbheim', 'Germany'), ('Duelmen', 'Germany'), ('Drolshagen', 'Germany'), ('Dorverden', 'Germany'), ('Didderse', 'Germany'), ('Dernbach', 'Germany'), ('Denkendorf', 'Germany'), ('Daun', 'Germany'), ('Danndorf', 'Germany'), ('Dahlen', 'Germany'), ('Dageling', 'Germany'), ('Dachwig', 'Germany'), ('Charlottenburg', 'Germany'), ('Burgthann', 'Germany'), ('Burgstaedt', 'Germany'), ('Burglengenfeld', 'Germany');