INSERT INTO cities (name, cou_name_en) VALUES ('Hrvace', 'Croatia'), ('Durgenovac', 'Croatia'), ('Donja Dubrava', 'Croatia'), ('Civljane', 'Croatia'), ('Budinscina', 'Croatia'), ('Bistrinci', 'Croatia'), ('Belisce', 'Croatia'), ('Barban', 'Croatia'), ('Antunovac', 'Croatia'), ('Centar', 'Croatia'), ('Pobri', 'Croatia'), ('Tomorkeny', 'Hungary'), ('Tiszabercel', 'Hungary'), ('Taktaszada', 'Hungary'), ('Szendro', 'Hungary'), ('Petnehaza', 'Hungary'), ('Patroha', 'Hungary'), ('Monostorpalyi', 'Hungary'), ('Miskolc', 'Hungary'), ('Ketegyhaza', 'Hungary'), ('Kemecse', 'Hungary'), ('Kalmanhaza', 'Hungary'), ('Szigetcsep', 'Hungary'), ('Soskut', 'Hungary'), ('Sioagard', 'Hungary'), ('Nyul', 'Hungary'), ('Kincsesbanya', 'Hungary'), ('Kaposmero', 'Hungary'), ('Kapolnasnyek', 'Hungary'), ('Isaszeg', 'Hungary'), ('Hidas', 'Hungary'), ('Hered', 'Hungary'), ('Halaszi', 'Hungary'), ('Fulopszallas', 'Hungary'), ('Fertorakos', 'Hungary'), ('Felsopakony', 'Hungary'), ('Farmos', 'Hungary'), ('Dunaszekcso', 'Hungary'), ('Bokod', 'Hungary'), ('Barcs', 'Hungary'), ('Alsonemedi', 'Hungary'), ('Adony', 'Hungary'), ('Budapest III. keruelet', 'Hungary'), ('Teluk Nibung', 'Indonesia'), ('Sondi', 'Indonesia'), ('Nainggolan', 'Indonesia'), ('Sikabaluan', 'Indonesia'), ('Wiradesa', 'Indonesia'), ('Wanaraja', 'Indonesia'), ('Tanjung Pandan', 'Indonesia'), ('Tagolu', 'Indonesia'), ('Taccipi', 'Indonesia'), ('Surakarta', 'Indonesia'), ('Sungairaya', 'Indonesia'), ('Sumber', 'Indonesia'), ('Sukadana', 'Indonesia'), ('Saparua', 'Indonesia'), ('Sampit', 'Indonesia'), ('Ponorogo', 'Indonesia'), ('Pengandonan', 'Indonesia'), ('Pangkajene', 'Indonesia'), ('Pamanukan', 'Indonesia'), ('Padangtikar', 'Indonesia'), ('Ngrayun', 'Indonesia'), ('Ngabang', 'Indonesia'), ('Masamba', 'Indonesia'), ('Lebakwangi', 'Indonesia'), ('Labuha', 'Indonesia'), ('Kubu', 'Indonesia'), ('Kroya', 'Indonesia'), ('Kokas Kota', 'Indonesia'), ('Kencong', 'Indonesia'), ('Kema', 'Indonesia'), ('Jombang', 'Indonesia'), ('Gedangan', 'Indonesia'), ('Cisayong', 'Indonesia'), ('Cikarang', 'Indonesia'), ('Ciampea', 'Indonesia'), ('Buduran', 'Indonesia'), ('Bojonegara', 'Indonesia'), ('Biha', 'Indonesia'), ('Betaf', 'Indonesia'), ('Banjarmasin', 'Indonesia'), ('Bangli', 'Indonesia'), ('Bangkinang', 'Indonesia'), ('Bangilan', 'Indonesia'), ('Sanur', 'Indonesia'), ('Jangkar', 'Indonesia'), ('Lampa', 'Indonesia'), ('Teppo', 'Indonesia'), ('Kelapalima', 'Indonesia'), ('Karangbadar Kidul', 'Indonesia'), ('Angkup', 'Indonesia'), ('Pule', 'Indonesia'), ('Ulakan', 'Indonesia'), ('Sirukam', 'Indonesia'), ('Sukamaju Kidul', 'Indonesia'), ('Sinargalih', 'Indonesia'), ('Jamong', 'Indonesia'), ('Sukorejo', 'Indonesia'), ('Apui', 'Indonesia'), ('Data Dian', 'Indonesia'), ('Eci', 'Indonesia'), ('Kumopa', 'Indonesia'), ('Wasior', 'Indonesia'), ('Sawang', 'Indonesia'), ('Peuleumat', 'Indonesia'), ('Idi Cut', 'Indonesia'), ('Kajeung', 'Indonesia'), ('Sangir', 'Indonesia'), ('Binalawan', 'Indonesia'), ('Labry', 'France'), ('La Boussac', 'France'), ('Labastide-Rouairoux', 'France'), ('Kruth', 'France'), ('Kintzheim', 'France'), ('Kilstett', 'France'), ('Kedange-sur-Canner', 'France'), ('Juilly', 'France'), ('Jardin', 'France'), ('Issenheim', 'France'), ('Isques', 'France'), ('Isneauville', 'France'), ('Isigny-sur-Mer', 'France'), ('Igny', 'France'), ('Huningue', 'France'), ('Hautot-sur-Mer', 'France'), ('Harly', 'France'), ('Groix', 'France'), ('Grandcamp-Maisy', 'France'), ('Givry', 'France'), ('Gignac-la-Nerthe', 'France'), ('Gien', 'France'), ('Gemozac', 'France'), ('Gauchy', 'France'), ('Gap', 'France'), ('Gan', 'France'), ('Gambsheim', 'France'), ('Gallardon', 'France'), ('Fontvieille', 'France'), ('Fontaine-au-Pire', 'France'), ('Fondettes', 'France'), ('Florange', 'France'), ('Fleury', 'France'), ('Fleurieu-sur-Saone', 'France'), ('Fechain', 'France'), ('Falleron', 'France'), ('Fabrezan', 'France'), ('Eyguieres', 'France'), ('Eybens', 'France'), ('Etalans', 'France'), ('Equemauville', 'France'), ('Elliant', 'France'), ('Eckbolsheim', 'France'), ('Duttlenheim', 'France'), ('Duisans', 'France'), ('Drumettaz', 'France'), ('Dreslincourt', 'France'), ('Dortan', 'France'), ('Domont', 'France'), ('Domart-en-Ponthieu', 'France'), ('Digosville', 'France'), ('Dieulouard', 'France'), ('Dieue-sur-Meuse', 'France'), ('Deville', 'France'), ('Damery', 'France'), ('Cresserons', 'France'), ('Courzieu', 'France'), ('Courville-sur-Eure', 'France'), ('Courteilles', 'France'), ('Courpalay', 'France'), ('Cormeray', 'France'), ('Connerre', 'France'), ('Congis-sur-Therouanne', 'France'), ('Combrit', 'France'), ('Clerac', 'France'), ('Clarensac', 'France'), ('Clairoix', 'France'), ('Chimilin', 'France'), ('Cherbourg-Octeville', 'France'), ('Checy', 'France'), ('Chauvigny', 'France'), ('Chauny', 'France'), ('Charquemont', 'France'), ('Chaptelat', 'France'), ('Chapdes-Beaufort', 'France'), ('Chantonnay', 'France'), ('Champagne-sur-Oise', 'France'), ('Chambly', 'France'), ('Castillon-la-Bataille', 'France'), ('Castanet-Tolosan', 'France'), ('Cassel', 'France'), ('Canet-en-Roussillon', 'France'), ('Campeneac', 'France'), ('Bretoncelles', 'France'), ('Breil-sur-Roya', 'France'), ('Brax', 'France'), ('Bout-du-Pont-de-Larn', 'France'), ('Boos', 'France'), ('Blainville-sur-Orne', 'France'), ('Blaincourt-les-Precy', 'France'), ('Biarritz', 'France'), ('Bessieres', 'France'), ('Belleville-sur-Loire', 'France'), ('Beautor', 'France'), ('Beaulieu-les-Loches', 'France'), ('Beaulieu', 'France'), ('Bavent', 'France'), ('Bauvin', 'France'), ('Barenton', 'France'), ('Barby', 'France'), ('Barbizon', 'France'), ('Ulee Gle', 'Indonesia'), ('Matangai', 'Indonesia'), ('Allealle', 'Indonesia'), ('Tuapejat', 'Indonesia'), ('Pamolokan', 'Indonesia'), ('Prosperous', 'Ireland'), ('Kilcullen', 'Ireland'), ('Howth', 'Ireland'), ('Crossmolina', 'Ireland'), ('Cobh', 'Ireland'), ('Cloyne', 'Ireland'), ('Cherryville', 'Ireland'), ('El Ghajar', 'Israel'), ('Pardesiyya', 'Israel'), ('Or Akiva', 'Israel'), ('Muqeibila', 'Israel'), ('Kfar Yasif', 'Israel'), ('Kafr Manda', 'Israel'), ('Hemed', 'Israel'), ('Bizzaron', 'Israel'), ('Bet Shemesh', 'Israel'), ('Kammon', 'Israel'), ('Laqiyya', 'Israel'), ('Hashmonaim', 'Israel'), ('Yoqneam', 'Israel'), ('Onchan', 'Isle of Man'), ('Jurby', 'Isle of Man'), ('Bride', 'Isle of Man'), ('Virajpet', 'India'), ('Villupuram', 'India'), ('Vartej', 'India'), ('Utraula', 'India'), ('Uppiliyapuram', 'India'), ('Unnao', 'India'), ('Una', 'India'), ('Ullal', 'India'), ('Tondi', 'India'), ('Tirupattur', 'India'), ('Thandla', 'India'), ('Thenkasi', 'India'), ('Talbahat', 'India'), ('Suriapet', 'India'), ('Sringeri', 'India'), ('Sonegaon', 'India'), ('Sohagpur', 'India'), ('Siswa Bazar', 'India'), ('Sinor', 'India'), ('Shahpur', 'India'), ('Shahada', 'India'), ('Sehore', 'India'), ('Sarai Mir', 'India'), ('Sangola', 'India'), ('Sancoale', 'India'), ('Sanaur', 'India'), ('Safipur', 'India'), ('Rewa', 'India'), ('Repalle', 'India'), ('Rangapara', 'India'), ('Rampura', 'India'), ('Rameswaram', 'India'), ('Puri', 'India'), ('Pudukkottai', 'India'), ('Pirawa', 'India'), ('Pipri', 'India'), ('Pipili', 'India'), ('Perur', 'India'), ('Patan', 'India'), ('Panvel', 'India'), ('Pandhana', 'India'), ('Pallappatti', 'India'), ('Noamundi', 'India'), ('Mundra', 'India'), ('Mohanur', 'India'), ('Medak', 'India'), ('Mattur', 'India'), ('Mattanur', 'India'), ('Mahoba', 'India'), ('Macherla', 'India'), ('Kulu', 'India'), ('Kulti', 'India'), ('Kovilpatti', 'India'), ('Koelwar', 'India'), ('Kodumudi', 'India'), ('Khategaon', 'India'), ('Kharupatia', 'India'), ('Khargone', 'India'), ('Kavali', 'India'), ('Kalmeshwar', 'India'), ('Kalanaur', 'India'), ('Jhalrapatan', 'India'), ('Jansath', 'India'), ('Jammu', 'India'), ('Jalgaon', 'India'), ('Zaragoza', 'Spain'), ('Vinaros', 'Spain'), ('Vilopriu', 'Spain'), ('Villanueva del Campillo', 'Spain'), ('Villanueva de las Peras', 'Spain'), ('Villanueva de las Manzanas', 'Spain'), ('Villamor de los Escuderos', 'Spain'), ('Villamiel', 'Spain'), ('Villalba de Guardo', 'Spain'), ('Villacarralon', 'Spain'), ('Viladecavalls', 'Spain'), ('Vellisca', 'Spain'), ('Velilla de Ebro', 'Spain'), ('Valverde-Enrique', 'Spain'), ('Valluercanes', 'Spain'), ('Valdemanco', 'Spain'), ('Valdefuentes del Paramo', 'Spain'), ('Valdeaveruelo', 'Spain'), ('Valdaracete', 'Spain'), ('Urunuela', 'Spain'), ('Urries', 'Spain'), ('Unzue', 'Spain'), ('Ulla', 'Spain'), ('Ujue', 'Spain'), ('Tortola de Henares', 'Spain'), ('Torre del Bierzo', 'Spain'), ('Torrecilla en Cameros', 'Spain'), ('Tordelrabano', 'Spain'), ('Terrer', 'Spain'), ('Tamariz de Campos', 'Spain'), ('Talamanca', 'Spain'), ('Sunyer', 'Spain'), ('Subirats', 'Spain'), ('Sotoserrano', 'Spain'), ('Solosancho', 'Spain'), ('Sierra de Luna', 'Spain'), ('Huancapallac', 'Peru'), ('Huertas', 'Peru'), ('Shatoja', 'Peru'), ('Pedro Ruiz Gallo', 'Peru'), ('Salvacion', 'Peru'), ('San Martin', 'Peru'), ('Puerto Rosario de Laberinto', 'Peru'), ('Porgera', 'Papua New Guinea'), ('Morehead', 'Papua New Guinea'), ('Lorengau', 'Papua New Guinea'), ('Sabang', 'Philippines'), ('Tran', 'Philippines'), ('Tolosa', 'Philippines'), ('Tinubuan', 'Philippines'), ('Tinglayan', 'Philippines'), ('T'boli', 'Philippines'), ('Tayug', 'Philippines'), ('Taytayan', 'Philippines'), ('Tayabas', 'Philippines'), ('Tangalan', 'Philippines'), ('Tamugan', 'Philippines'), ('Tambalisa', 'Philippines'), ('Taloc', 'Philippines'), ('Tagudin', 'Philippines'), ('Sinawilan', 'Philippines'), ('Santisimo Rosario', 'Philippines'), ('Santa Teresita', 'Philippines'), ('Santa Margarita', 'Philippines'), ('San Roque', 'Philippines'), ('San Miguel', 'Philippines'), ('San Mariano', 'Philippines'), ('San Juan', 'Philippines'), ('San Jose', 'Philippines'), ('San Isidro', 'Philippines'), ('San Isidro', 'Philippines'), ('San Isidro', 'Philippines'), ('San Isidro', 'Philippines'), ('San Francisco', 'Philippines'), ('San Fernando', 'Philippines'), ('San Bernardo', 'Philippines'), ('San Antonio', 'Philippines'), ('San Alfonso', 'Philippines'), ('Salvacion', 'Philippines'), ('Reina Mercedes', 'Philippines'), ('Real', 'Philippines'), ('Ranao', 'Philippines'), ('Ramos', 'Philippines'), ('Quintong', 'Philippines'), ('Quinabigan', 'Philippines'), ('Quezon', 'Philippines'), ('Quezon', 'Philippines'), ('Puerto Bello', 'Philippines'), ('Port Barton', 'Philippines'), ('Polange', 'Philippines'), ('Pitogo', 'Philippines'), ('Pina', 'Philippines'), ('Pastrana', 'Philippines'), ('Papaya', 'Philippines'), ('Pansoy', 'Philippines'), ('Pangdan', 'Philippines'), ('Pangascasan', 'Philippines'), ('Pandan', 'Philippines'), ('Pan-an', 'Philippines'), ('Panan', 'Philippines'), ('Odicon', 'Philippines'), ('New Iloilo', 'Philippines'), ('Nasipit', 'Philippines'), ('Napnapan', 'Philippines'), ('Murcia', 'Philippines'), ('Mulanay', 'Philippines'), ('Morong', 'Philippines'), ('Moncada', 'Philippines'), ('Maydolong', 'Philippines'), ('Maria', 'Philippines'), ('Manup', 'Philippines'), ('Manila', 'Philippines'), ('Mangaldan', 'Philippines'), ('Manga', 'Philippines'), ('Manat', 'Philippines'), ('Malanay', 'Philippines'), ('Maimbung', 'Philippines'), ('Magdalena', 'Philippines'), ('Magarao', 'Philippines'), ('Macalelon', 'Philippines'), ('Mabusag', 'Philippines'), ('Lumangbayan', 'Philippines'), ('Lugo', 'Philippines'), ('Lukatan', 'Philippines'), ('Limbalod', 'Philippines'), ('Limao', 'Philippines'), ('Lasang', 'Philippines'), ('Lapinig', 'Philippines'), ('Lapaz', 'Philippines'), ('Langob', 'Philippines'), ('Langtad', 'Philippines'), ('Langiden', 'Philippines'), ('Kalian', 'Philippines'), ('Javier', 'Philippines'), ('Jantianon', 'Philippines'), ('Ivana', 'Philippines'), ('Isla', 'Philippines'), ('Hinigaran', 'Philippines'), ('Hinapalanan', 'Philippines'), ('Hilongos', 'Philippines'), ('Jarigue', 'Philippines'), ('Hagnaya', 'Philippines'), ('Guindapunan', 'Philippines'), ('Glan', 'Philippines'), ('Famy', 'Philippines'), ('Dodan', 'Philippines'), ('Divisoria', 'Philippines'), ('Diliman Primero', 'Philippines'), ('Bonifacio', 'Philippines'), ('Dao', 'Philippines'), ('Dalaguete', 'Philippines'), ('Daguioman', 'Philippines'), ('Dadus', 'Philippines'), ('Cuevas', 'Philippines'), ('Corrooy', 'Philippines'), ('Concepcion', 'Philippines'), ('Cogon', 'Philippines'), ('Causip', 'Philippines'), ('Catablan', 'Philippines'), ('Catabangan', 'Philippines'), ('Carmen', 'Philippines'), ('Carmelo', 'Philippines'), ('Karligan', 'Philippines'), ('Caraycayon', 'Philippines'), ('Capissayan Sur', 'Philippines'), ('Canlaon', 'Philippines'), ('Camindangan', 'Philippines'), ('Calumpang', 'Philippines'), ('Calubian', 'Philippines'), ('Calamba', 'Philippines'), ('Cabittaogan', 'Philippines'), ('Cabcaben', 'Philippines'), ('Buliwao', 'Philippines'), ('Buliran', 'Philippines'), ('Bulihan', 'Philippines'), ('Bulatukan', 'Philippines'), ('Bula', 'Philippines'), ('Buang', 'Philippines'), ('Bombon', 'Philippines'), ('Bolong', 'Philippines'), ('Bulo', 'Philippines'), ('Bolingit', 'Philippines'), ('Binday', 'Philippines'), ('Biao', 'Philippines'), ('Bayasong', 'Philippines'), ('Basud', 'Philippines'), ('Barili', 'Philippines'), ('Baras', 'Philippines'), ('Bangued', 'Philippines'), ('Balitoc', 'Philippines'), ('Balite', 'Philippines'), ('Balaoang', 'Philippines'), ('Balading', 'Philippines'), ('Bago City', 'Philippines'), ('Bacuag', 'Philippines'), ('Bacolod', 'Philippines'), ('Babo-Pangulo', 'Philippines'), ('Avila', 'Philippines'), ('Aurora', 'Philippines'), ('Ampatuan', 'Philippines'), ('Alegria', 'Philippines'), ('Aguisan', 'Philippines'), ('Aglipay', 'Philippines'), ('Sibulao', 'Philippines'), ('Pandakan', 'Philippines'), ('Kulase', 'Philippines'), ('Andop', 'Philippines'), ('Bualan', 'Philippines'), ('Subic Bay Freeport Zone', 'Philippines'), ('Phalia', 'Pakistan'), ('Pabbi', 'Pakistan'), ('Mehar', 'Pakistan'), ('Mananwala', 'Pakistan'), ('Landi Kotal', 'Pakistan'), ('Lahore', 'Pakistan'), ('Khaplu', 'Pakistan'), ('Kandiaro', 'Pakistan'), ('Kahuta', 'Pakistan'), ('Hala', 'Pakistan'), ('Dullewala', 'Pakistan'), ('Dera Ismail Khan', 'Pakistan'), ('Dera Ghazi Khan', 'Pakistan'), ('Daultala', 'Pakistan'), ('Daska Kalan', 'Pakistan'), ('Bhalwal', 'Pakistan'), ('Mianke Mor', 'Pakistan'), ('Bannu', 'Pakistan'), ('Mehmand Chak', 'Pakistan'), ('Chak One Hundred Ten -Nine Left', 'Pakistan'), ('Zelechlinek', 'Poland'), ('Zaklikow', 'Poland'), ('Zabia Wola', 'Poland'), ('Wilczyce', 'Poland'), ('Wieliszew', 'Poland'), ('Targowisko', 'Poland'), ('Szydlowo', 'Poland'), ('Szepietowo', 'Poland'), ('Suraz', 'Poland'), ('Stare Miasto', 'Poland'), ('Ropa', 'Poland'), ('Rakszawa', 'Poland'), ('Radzanow', 'Poland'), ('Pysznica', 'Poland'), ('Punsk', 'Poland'), ('Prostki', 'Poland'), ('Podedworze', 'Poland'), ('Pasym', 'Poland'), ('Pacanow', 'Poland'), ('Ostrow', 'Poland'), ('Orzysz', 'Poland'), ('Orneta', 'Poland'), ('Nawojowa', 'Poland'), ('Mniow', 'Poland'), ('Mirzec', 'Poland'), ('Melgiew', 'Poland'), ('Lezajsk', 'Poland'), ('Laskowa', 'Poland'), ('Kuznica', 'Poland'), ('Kozubszczyzna', 'Poland'), ('Kepie Zaleszanskie', 'Poland'), ('Jawornik', 'Poland'), ('Izbica', 'Poland'), ('Horyniec-Zdroj', 'Poland'), ('Gierloz', 'Poland'), ('Fajslawice', 'Poland'), ('Dzierzkowice', 'Poland'), ('Chwalowice', 'Poland'), ('Checiny', 'Poland'), ('Brzyska', 'Poland'), ('Brzoza Krolewska', 'Poland'), ('Bochnia', 'Poland'), ('Bialy Dunajec', 'Poland'), ('Bialka Tatrzanska', 'Poland'), ('Bejsce', 'Poland'), ('Zloczew', 'Poland'), ('Zawiercie', 'Poland'), ('Wysoka', 'Poland'), ('Wisla', 'Poland'), ('Wierzchoslawice', 'Poland'), ('Wiazow', 'Poland'), ('Walichnowy', 'Poland'), ('Wadowice', 'Poland'), ('Ustka', 'Poland'), ('Trzemeszno', 'Poland'), ('Toszek', 'Poland'), ('Szczercow', 'Poland'), ('Szczekociny', 'Poland'), ('Syrynia', 'Poland'), ('Sulow', 'Poland'), ('Sulechow', 'Poland'), ('Stryszow', 'Poland'), ('Spytkowice', 'Poland'), ('Slupno', 'Poland'), ('Slesin', 'Poland'), ('Siechnice', 'Poland'), ('Sianow', 'Poland'), ('Ruda Slaska', 'Poland'), ('Rewal', 'Poland'), ('Radziejow', 'Poland'), ('Radowo Male', 'Poland'), ('Pszow', 'Poland'), ('Polanica-Zdroj', 'Poland'), ('Pawlowice', 'Poland'), ('Osiek', 'Poland'), ('Nieszawa', 'Poland'), ('Niechanowo', 'Poland'), ('Modlnica', 'Poland'), ('Milowka', 'Poland'), ('Milkowice', 'Poland'), ('Miedzna', 'Poland'), ('Maldyty', 'Poland'), ('Lipnica Mala', 'Poland'), ('Krosno Odrzanskie', 'Poland'), ('Kozy', 'Poland'), ('Koscielec', 'Poland'), ('Koniecpol', 'Poland'), ('Kobylnica', 'Poland'), ('Karnice', 'Poland'), ('Kamiensk', 'Poland'), ('Jaworzynka', 'Poland'), ('Jawornik', 'Poland'), ('Jasienica', 'Poland'), ('Ilawa', 'Poland'), ('Herby', 'Poland'), ('Gozdnica', 'Poland'), ('Gora', 'Poland'), ('Golancz', 'Poland'), ('Damnica', 'Poland'), ('Chroscice', 'Poland'), ('Chelm Slaski', 'Poland'), ('Bukowiec', 'Poland'), ('Brzezinka', 'Poland'), ('Brudzen Duzy', 'Poland'), ('Bierun', 'Poland'), ('Bestwinka', 'Poland'), ('Balice', 'Poland'), ('Kroscienko nad Dunajcem', 'Poland'), ('Ilowo -Osada', 'Poland'), ('Jarnoltow-Jerzmanowo', 'Poland'), ('Gadow Maly', 'Poland'), ('Poswietne', 'Poland'), ('Arroyo', 'Puerto Rico'), ('Corozal', 'Puerto Rico'), ('G. L. Garcia', 'Puerto Rico'), ('Humacao', 'Puerto Rico'), ('Juncal', 'Puerto Rico'), ('Lamboglia', 'Puerto Rico'), ('Manati', 'Puerto Rico'), ('Quebradillas', 'Puerto Rico'), ('Sabana Grande', 'Puerto Rico'), ('Yasid', 'West Bank and Gaza Strip'), ('Kafr Dan', 'West Bank and Gaza Strip'), ('Janin', 'West Bank and Gaza Strip'), ('Immatin', 'West Bank and Gaza Strip'), ('Balatah', 'West Bank and Gaza Strip'), ('Ash Shuyukh', 'West Bank and Gaza Strip'), ('Az Zuwaydah', 'West Bank and Gaza Strip'), ('Wadi as Salqa', 'West Bank and Gaza Strip'), ('Azun Atme', 'West Bank and Gaza Strip'), ('Khursa', 'West Bank and Gaza Strip'), ('Oranit', 'West Bank and Gaza Strip'), ('Geva Binyamin', 'West Bank and Gaza Strip'), ('Vale de Santarem', 'Portugal'), ('Sobralinho', 'Portugal'), ('Santana', 'Portugal'), ('Ribeira Brava', 'Portugal'), ('Porto da Cruz', 'Portugal'), ('Monsanto', 'Portugal'), ('Faja da Ovelha', 'Portugal'), ('Faial', 'Portugal'), ('Estremoz', 'Portugal'), ('Costa de Caparica', 'Portugal'), ('Canecas', 'Portugal'), ('Caldas da Rainha', 'Portugal'), ('Batalha', 'Portugal'), ('Arco da Calheta', 'Portugal'), ('Aljubarrota', 'Portugal'), ('Alcanena', 'Portugal'), ('Vouzela', 'Portugal'), ('Teloes', 'Portugal'), ('Sendim', 'Portugal'), ('Sao Joao de Ver', 'Portugal'), ('Porto', 'Portugal'), ('Paredes', 'Portugal'), ('Mortagua', 'Portugal'), ('Moreira', 'Portugal'), ('Marinhas', 'Portugal'), ('Gondomar', 'Portugal'), ('Godim', 'Portugal'), ('Fiaes', 'Portugal'), ('Brito', 'Portugal'), ('Arcos de Valdevez', 'Portugal'), ('Alfandega da Fe', 'Portugal'), ('Rosto de Cao', 'Portugal'), ('Ribeira Seca', 'Portugal'), ('Furnas', 'Portugal'), ('Ngchesar Hamlet', 'Palau'), ('Santa Maria', 'Paraguay'), ('Mbuyapey', 'Paraguay'), ('Doctor Cecilio Baez', 'Paraguay'), ('Arroyos y Esteros', 'Paraguay'), ('Antequera', 'Paraguay'), ('Sainte-Rose', 'Réunion'), ('Zoresti', 'Romania'), ('Zavoi', 'Romania'), ('Zagra', 'Romania'), ('Voslabeni', 'Romania'), ('Voetin', 'Romania'), ('Vladimirescu', 'Romania'), ('Vistea de Jos', 'Romania'), ('Valcele', 'Romania'), ('Valeni', 'Romania'), ('Muko', 'Japan'), ('Motoyama', 'Japan'), ('Minamata', 'Japan'), ('Kuroda', 'Japan'), ('Kawanishi', 'Japan'), ('Kanuma', 'Japan'), ('Izumo', 'Japan'), ('Ibusuki', 'Japan'), ('Hotaka', 'Japan'), ('Handa', 'Japan'), ('Fujinomiya', 'Japan'), ('Chikushino-shi', 'Japan'), ('Matsuyama', 'Japan'), ('Masaki-cho', 'Japan'), ('Tomioka', 'Japan'), ('Kamogawa', 'Japan'), ('Kakuda', 'Japan'), ('Date', 'Japan'), ('Noboribetsu', 'Japan'), ('Kosaka', 'Japan'), ('Ichinohe', 'Japan'), ('Koya', 'Japan'), ('Niiza', 'Japan'), ('Kitamoto', 'Japan'), ('Izunokuni', 'Japan'), ('Habikino', 'Japan'), ('Hokuto', 'Japan'), ('Inakadate', 'Japan'), ('Misasa', 'Japan'), ('Nishiawakura', 'Japan'), ('Mimasaka', 'Japan'), ('Higashikurume', 'Japan'), ('Sanuki', 'Japan'), ('Kai', 'Japan'), ('Warabi', 'Japan'), ('Shiso', 'Japan'), ('Koshu', 'Japan'), ('Higashiyamato', 'Japan'), ('Fukutsu', 'Japan'), ('Asakura', 'Japan'), ('Webuye', 'Kenya'), ('Nairagi Enkare', 'Kenya'), ('Machakos', 'Kenya'), ('Londiani', 'Kenya'), ('Kinango', 'Kenya'), ('Kimende', 'Kenya'), ('Kikima', 'Kenya'), ('Kapsowar', 'Kenya'), ('Kapsoit', 'Kenya'), ('Garba Tula', 'Kenya'), ('Chogoria', 'Kenya'), ('Awasi', 'Kenya'), ('Athi River', 'Kenya'), ('Nyansiongo', 'Kenya'), ('Karuga', 'Kenya'), ('Il', 'Kenya'), ('Chuy', 'Kyrgyzstan'), ('Kyzyl-Kyya', 'Kyrgyzstan'), ('Kadzhi-Say', 'Kyrgyzstan'), ('Bar Kaev', 'Cambodia'), ('Mongkol Borei', 'Cambodia'), ('Nioumachoua', 'Comoros'), ('Mjamaoue', 'Comoros'), ('Limbi', 'Comoros'), ('Sinuiju', 'Korea, Dem. People's Rep. of'), ('Wanju', 'Korea, Republic of'), ('Suwon', 'Korea, Republic of'), ('Pyeongchang', 'Korea, Republic of'), ('Gunpo', 'Korea, Republic of'), ('Incheon', 'Korea, Republic of'), ('Hwaseong-si', 'Korea, Republic of'), ('Changwon', 'Korea, Republic of'), ('Changsu', 'Korea, Republic of'), ('Hongnong', 'Korea, Republic of'), ('Yangsa', 'Korea, Republic of'), ('Gwangtan', 'Korea, Republic of'), ('Yuchi', 'Korea, Republic of'), ('Janub as Surrah', 'Kuwait'), ('Kuwait City', 'Kuwait'), ('Saumalkol'', 'Kazakhstan'), ('Stepnyak', 'Kazakhstan'), ('Sayaq', 'Kazakhstan'), ('Qusmuryn', 'Kazakhstan'), ('Novaya Bukhtarma', 'Kazakhstan'), ('Lisakovsk', 'Kazakhstan'), ('Kazygurt', 'Kazakhstan'), ('Taiynsha', 'Kazakhstan'), ('Borodulikha', 'Kazakhstan'), ('Aktau', 'Kazakhstan'), ('Muang Hinboun', 'Lao People's Dem. Rep.'), ('Viengthong', 'Lao People's Dem. Rep.'), ('Sekong', 'Lao People's Dem. Rep.'), ('El Hermel', 'Lebanon'), ('Laborie', 'Saint Lucia'), ('Mauren', 'Liechtenstein'), ('Maharagama', 'Sri Lanka'), ('Mirissa city', 'Sri Lanka'), ('Barclayville', 'Liberia'), ('Sekake', 'Lesotho'), ('Mount Moorosi', 'Lesotho'), ('Ketane', 'Lesotho'), ('Plateliai', 'Lithuania'), ('Moletai', 'Lithuania'), ('Marijampole', 'Lithuania'), ('Birzai', 'Lithuania'), ('Alytus', 'Lithuania'), ('Schrassig', 'Luxembourg'), ('Schouweiler', 'Luxembourg'), ('Redange-sur-Attert', 'Luxembourg'), ('Diekirch', 'Luxembourg'), ('Krustpils', 'Latvia'), ('Drabesi', 'Latvia'), ('Cesvaine', 'Latvia'), ('Mukhayla', 'Libyan Arab Jamahiriya'), ('Wadi 'Utbah', 'Libyan Arab Jamahiriya'), ('Za Bougrine', 'Morocco'), ('Tit Mellil', 'Morocco'), ('Tissa', 'Morocco'), ('Taounza', 'Morocco'), ('Sidi Bou Lanouar', 'Morocco'), ('Zeghanghane', 'Morocco'), ('Oued Laou', 'Morocco'), ('Moulay Abdallah', 'Morocco'), ('Khouribga', 'Morocco'), ('Fnidek', 'Morocco'), ('Had Hrara', 'Morocco'), ('Douar el Caid el Gueddari', 'Morocco'), ('Azgour', 'Morocco'), ('El Mansouria', 'Morocco'), ('Adar', 'Morocco'), ('Ouaouizeght', 'Morocco'), ('Issaguen', 'Morocco'), ('Briceni', 'Moldova, Republic of'), ('Tivat', 'Montenegro'), ('Bar', 'Montenegro'), ('Vohibinany', 'Madagascar'), ('Soanindrariny', 'Madagascar'), ('Miandrarivo', 'Madagascar'), ('Manja', 'Madagascar'), ('Farafangana', 'Madagascar'), ('Slepce', 'Macedonia, The former Yugoslav Rep. of'), ('Lisicani', 'Macedonia, The former Yugoslav Rep. of'), ('Kumanovo', 'Macedonia, The former Yugoslav Rep. of'), ('Krivogashtani', 'Macedonia, The former Yugoslav Rep. of'), ('Gradsko', 'Macedonia, The former Yugoslav Rep. of'), ('Gradec', 'Macedonia, The former Yugoslav Rep. of'), ('Kokofata', 'Mali'), ('Bamako', 'Mali'), ('Minbu', 'Myanmar'), ('Kawthoung', 'Myanmar'), ('Delgermoron', 'Mongolia'), ('Bayan', 'Mongolia'), ('Dashinchilling', 'Mongolia'), ('Ihsueuej', 'Mongolia'), ('Hovd', 'Mongolia'), ('Eg', 'Mongolia'), ('Dalandzadgad', 'Mongolia'), ('Rosso', 'Mauritania'), ('Moudjeria', 'Mauritania'), ('Ouad Naga', 'Mauritania'), ('Nbeika', 'Mauritania'), ('Amourj', 'Mauritania'), ('Tintane', 'Mauritania'), ('Victoria', 'Malta'), ('Pieta', 'Malta'), ('Swieqi', 'Malta'), ('Saint Aubin', 'Mauritius'), ('Centre de Flacq', 'Mauritius'), ('Gros Cailloux', 'Mauritius'), ('Thinadhoo', 'Maldives'), ('Salima', 'Malawi'), ('Yehualtepec', 'Mexico'), ('Xayacatlan de Bravo', 'Mexico'), ('Gustavo Adolfo Madero', 'Mexico'), ('Villa Aldama', 'Mexico'), ('Uci', 'Mexico'), ('Uayma', 'Mexico'), ('San Javier', 'Mexico'), ('Tuzamapan', 'Mexico'), ('Tuxpam de Rodriguez Cano', 'Mexico'), ('Tuxpan', 'Mexico'), ('Tulapam', 'Mexico'), ('Tula de Allende', 'Mexico'), ('Tlanepantla', 'Mexico'), ('Tlalixtaquilla', 'Mexico'), ('San Andres Tlalamac', 'Mexico'), ('Tlacotepec', 'Mexico'), ('Tlachichilco', 'Mexico'), ('Santiago Tianguistenco de Galeana', 'Mexico'), ('Tepeyahualco', 'Mexico'), ('Taxco de Alarcon', 'Mexico'), ('Tamiahua', 'Mexico'), ('Santo Tomas', 'Mexico'), ('Santiago Texcalcingo', 'Mexico'), ('Santiago Ayuquililla', 'Mexico'), ('Apoala', 'Mexico'), ('Santa Maria Chilapa de Diaz', 'Mexico'), ('Atarasquillo', 'Mexico'), ('Santa Maria', 'Mexico'), ('Santa Cruz Tayata', 'Mexico'), ('Santa Catarina Cuixtla', 'Mexico'), ('San Pedro Topiltepec', 'Mexico'), ('San Nicolas Buenos Aires', 'Mexico'), ('San Miguel Xoxtla', 'Mexico'), ('San Miguel Panixtlahuaca', 'Mexico'), ('San Miguel Ejutla', 'Mexico'), ('San Mateo Parra', 'Mexico'), ('San Juan Tuxtepec', 'Mexico'), ('Valle Nacional', 'Mexico'), ('San Jose Corral Blanco', 'Mexico'), ('San Jose Chiltepec', 'Mexico'), ('San Jose Ayuquila', 'Mexico'), ('San Francisco Tlalcilalcalpan', 'Mexico'), ('San Francisco', 'Mexico'), ('San Francisco', 'Mexico'), ('San Diego Linares', 'Mexico'), ('Ejido San Diego', 'Mexico'), ('San Agustin Huixaxtla', 'Mexico'), ('Rio Grande', 'Mexico'), ('Piedra Labrada', 'Mexico'), ('Petaquillas', 'Mexico'), ('Paso Nacional', 'Mexico'), ('Pachuquilla', 'Mexico'), ('San Mateo Ozolco', 'Mexico'), ('San Pablo Oztotepec', 'Mexico'), ('Orizaba', 'Mexico'), ('Ohuilapam', 'Mexico'), ('Ohuapan', 'Mexico'), ('Nueva Colombia', 'Mexico'), ('Niltepec', 'Mexico'), ('Miquihuana', 'Mexico'), ('Magdalena Jaltepec', 'Mexico'), ('Los Organos de San Agustin', 'Mexico'), ('Jonuta', 'Mexico'), ('Jonotla', 'Mexico'), ('Jilotzingo', 'Mexico'), ('Ixhuapan', 'Mexico'), ('Ignacio Lopez Rayon', 'Mexico'), ('Villa Hidalgo', 'Mexico'), ('Halacho', 'Mexico'), ('El Mirador', 'Mexico'), ('Cumpich', 'Mexico'), ('Cuexpala', 'Mexico'), ('Comaltepec', 'Mexico'), ('Chinantla', 'Mexico'), ('Chinameca', 'Mexico'), ('Chiconcuac', 'Mexico'), ('Chiaucingo', 'Mexico'), ('Chelem', 'Mexico'), ('Chacsinkin', 'Mexico'), ('Cerro Azul', 'Mexico'), ('Calmeca', 'Mexico'), ('Buctzotz', 'Mexico'), ('Boca del Rio', 'Mexico'), ('Astapa', 'Mexico'), ('Arroyo Seco', 'Mexico'), ('Colonia Alvaro Obregon', 'Mexico'), ('Lomas de Ahuatepec', 'Mexico'), ('Agualeguas', 'Mexico'), ('Acapulco de Juarez', 'Mexico'), ('Acanceh', 'Mexico'), ('Miraflores', 'Mexico'), ('San Lorenzo Vista Hermosa', 'Mexico'), ('Santa Cruz de Juarez', 'Mexico'), ('La Junta', 'Mexico'), ('Piedra de Amolar', 'Mexico'), ('Donaji', 'Mexico'), ('Oriente 1ra. Seccion', 'Mexico'), ('Mazateupa', 'Mexico'), ('Benito Gonzalez', 'Mexico'), ('Pueblo Hidalgo', 'Mexico'), ('Cuapaxtitla', 'Mexico'), ('La Esquina', 'Mexico'), ('Patria Nueva', 'Mexico'), ('Ignacio Zaragoza', 'Mexico'), ('San Simon Tlatlahuquitepec', 'Mexico'), ('Los Pilares', 'Mexico'), ('Acuamanala', 'Mexico'), ('La Magdalena Tlaltelulco', 'Mexico'), ('San Mateo Ayecac', 'Mexico'), ('Guadalupe Texcalac', 'Mexico'), ('Punta Arena', 'Mexico'), ('Rio Chancala', 'Mexico');