INSERT INTO cities (name, cou_name_en) VALUES ('Yanque', 'Peru'), ('Toro', 'Peru'), ('Tarucani', 'Peru'), ('Tambo', 'Peru'), ('San Pedro', 'Peru'), ('San Miguel', 'Peru'), ('Puquio', 'Peru'), ('Pirca', 'Peru'), ('Orurillo', 'Peru'), ('Minas de Marcona', 'Peru'), ('Progreso', 'Peru'), ('El Cardo', 'Peru'), ('Colcabamba', 'Peru'), ('Coalaque', 'Peru'), ('Chivay', 'Peru'), ('Chinchero', 'Peru'), ('Chaupimarca', 'Peru'), ('Calca', 'Peru'), ('Resuttano', 'Italy'), ('Presicce', 'Italy'), ('Pedara', 'Italy'), ('Osini', 'Italy'), ('Mongiana', 'Italy'), ('Mirabella Imbaccari', 'Italy'), ('Monasterace Marina', 'Italy'), ('Licata', 'Italy'), ('Joppolo Giancaxio', 'Italy'), ('Guspini', 'Italy'), ('Gioiosa Marea', 'Italy'), ('Gerace', 'Italy'), ('Francica', 'Italy'), ('Elini', 'Italy'), ('Crichi', 'Italy'), ('Castroregio', 'Italy'), ('Carlentini', 'Italy'), ('Cardinale', 'Italy'), ('Cardeto', 'Italy'), ('Caraffa del Bianco', 'Italy'), ('Bova Marina', 'Italy'), ('Baradili', 'Italy'), ('Alessano', 'Italy'), ('Albidona', 'Italy'), ('Aci Bonaccorsi', 'Italy'), ('Zandobbio', 'Italy'), ('Volano', 'Italy'), ('Vistrorio', 'Italy'), ('Villastellone', 'Italy'), ('Villa d'Alme', 'Italy'), ('Villa Celiera', 'Italy'), ('Vidor', 'Italy'), ('Vezza d'Oglio', 'Italy'), ('Verzuolo', 'Italy'), ('Vertemate Con Minoprio', 'Italy'), ('Verolanuova', 'Italy'), ('Vejano', 'Italy'), ('Varano De' Melegari', 'Italy'), ('Valstagna', 'Italy'), ('Valmacca', 'Italy'), ('Vallese', 'Italy'), ('Vall'Alta', 'Italy'), ('Valgrana', 'Italy'), ('Uggiano la Chiesa', 'Italy'), ('Tuenno', 'Italy'), ('Treglio', 'Italy'), ('Trecasali', 'Italy'), ('Torviscosa', 'Italy'), ('Torralba', 'Italy'), ('Tombolo', 'Italy'), ('Sustinente', 'Italy'), ('Supino', 'Italy'), ('Strada in Chianti', 'Italy'), ('Stia', 'Italy'), ('Staranzano', 'Italy'), ('Soresina', 'Italy'), ('Sonnino', 'Italy'), ('Siviano', 'Italy'), ('Sillavengo', 'Italy'), ('Sesto Imolese', 'Italy'), ('Sepino', 'Italy'), ('Selvatelle', 'Italy'), ('Sellero', 'Italy'), ('Scopello', 'Italy'), ('Savogna d'Isonzo', 'Italy'), ('Sava', 'Italy'), ('Sassocorvaro', 'Italy'), ('Sartirana Lomellina', 'Italy'), ('Sarmato', 'Italy'), ('Sant'Egidio alla Vibrata', 'Italy'), ('Sant'Arcangelo Trimonte', 'Italy'), ('Sant'Angelo in Pontano', 'Italy'), ('Santandra', 'Italy'), ('Santa Maria Maddalena', 'Italy'), ('Santa Maria Coghinas', 'Italy'), ('San Secondo Parmense', 'Italy'), ('San Polo dei Cavalieri', 'Italy'), ('San Michele di Piave', 'Italy'), ('San Martino', 'Italy'), ('San Marco dei Cavoti', 'Italy'), ('San Marcello', 'Italy'), ('San Giovanni in Marignano', 'Italy'), ('San Giorgio di Nogaro', 'Italy'), ('San Giorgio della Richinvelda', 'Italy'), ('San Felice', 'Italy'), ('Saluggia', 'Italy'), ('Sacco', 'Italy'), ('Roccaspinalveti-Santa Giusta', 'Italy'), ('Rocca Canavese', 'Italy'), ('Robecco d'Oglio', 'Italy'), ('Rio nell'Elba', 'Italy'), ('Rezzago', 'Italy'), ('Re', 'Italy'), ('Ravenna', 'Italy'), ('Raldon', 'Italy'), ('Pulfero', 'Italy'), ('Prosecco-Contovello', 'Italy'), ('Prata di Principato Ultra', 'Italy'), ('Porto Potenza Picena', 'Italy'), ('Ponza', 'Italy'), ('Ponso', 'Italy'), ('Ponte nelle Alpi-Polpet', 'Italy'), ('Policoro', 'Italy'), ('Poggio Picenze', 'Italy'), ('Poggio Nativo', 'Italy'), ('Piobesi Torinese', 'Italy'), ('Piglio', 'Italy'), ('Pievebovigliana', 'Italy'), ('Pietramontecorvino', 'Italy'), ('Pietraferrazzana', 'Italy'), ('Pietra de' Giorgi', 'Italy'), ('Pietrabruna', 'Italy'), ('Piedimonte San Germano', 'Italy'), ('Peschiera del Garda', 'Italy'), ('Pavarolo', 'Italy'), ('Pannarano', 'Italy'), ('Palombaro', 'Italy'), ('Palo del Colle', 'Italy'), ('Orciano di Pesaro', 'Italy'), ('Offanengo', 'Italy'), ('Offagna', 'Italy'), ('Nizza Monferrato', 'Italy'), ('Navelli', 'Italy'), ('Morcone', 'Italy'), ('Monticelli', 'Italy'), ('Montelupo Albese', 'Italy'), ('Montecorvino Rovella', 'Italy'), ('Monforte d'Alba', 'Italy'), ('Mombaroccio', 'Italy'), ('Molfetta', 'Italy'), ('Minerbe', 'Italy'), ('Mezzanego', 'Italy'), ('Meina', 'Italy'), ('Marzano di Nola', 'Italy'), ('Martina Franca', 'Italy'), ('Marsicovetere', 'Italy'), ('Marliana', 'Italy'), ('Marcheno', 'Italy'), ('Marano di Napoli', 'Italy'), ('Malvicino', 'Italy'), ('Mairano', 'Italy'), ('Serra di Maiolo', 'Italy'), ('Magliano Vetere', 'Italy'), ('Lusiana', 'Italy'), ('Lurate Caccivio', 'Italy'), ('Lumellogno', 'Italy'), ('Lonato', 'Italy'), ('Lomagna', 'Italy'), ('Lizzano in Belvedere', 'Italy'), ('Licenza', 'Italy'), ('Liberi', 'Italy'), ('Lezzeno', 'Italy'), ('Lemie', 'Italy'), ('Lauriano', 'Italy'), ('Latera', 'Italy'), ('Lanzo d'Intelvi', 'Italy'), ('Landriano', 'Italy'), ('Lamon', 'Italy'), ('Ittireddu', 'Italy'), ('Invorio', 'Italy'), ('Grezzana', 'Italy'), ('Gressan', 'Italy'), ('Gradara', 'Italy'), ('Godo', 'Italy'), ('Giussano', 'Italy'), ('Giungano', 'Italy'), ('Gesualdo', 'Italy'), ('Gambettola', 'Italy'), ('Gallipoli', 'Italy'), ('Fossalunga', 'Italy'), ('Formignana', 'Italy'), ('Formigine', 'Italy'), ('Formia', 'Italy'), ('Florence', 'Italy'), ('Filignano', 'Italy'), ('Fidenza', 'Italy'), ('Fiamignano', 'Italy'), ('Faeto', 'Italy'), ('Etroubles', 'Italy'), ('Duino', 'Italy'), ('Dronero', 'Italy'), ('Dosson', 'Italy'), ('Corridonia', 'Italy'), ('Corciano', 'Italy'), ('Confienza', 'Italy'), ('Collagna', 'Italy'), ('Colico Piano', 'Italy'), ('Cisano Bergamasco', 'Italy'), ('Cipressa', 'Italy'), ('Chiuppano', 'Italy'), ('Porto Cesareo', 'Italy'), ('Cervignano del Friuli', 'Italy'), ('Cervaro', 'Italy'), ('Cernobbio', 'Italy'), ('Ceriana', 'Italy'), ('Ceriale', 'Italy'), ('Castiglione di Garfagnana', 'Italy'), ('Castelvetere sul Calore', 'Italy'), ('Castelnuovo Magra', 'Italy'), ('Castel Mella', 'Italy'), ('Castellarano', 'Italy'), ('Castelfranco in Miscano', 'Italy'), ('Cassiglio', 'Italy'), ('Casorate Primo', 'Italy'), ('Casarile', 'Italy'), ('Carlantino', 'Italy'), ('Carema', 'Italy'), ('Caraglio', 'Italy'), ('Capo di Ponte', 'Italy'), ('Capodarco', 'Italy'), ('Capistrello', 'Italy'), ('Caorso', 'Italy'), ('Cantalice', 'Italy'), ('Candide', 'Italy'), ('Candelo', 'Italy'), ('Campotosto', 'Italy'), ('Camposampiero', 'Italy'), ('Campo di Trens', 'Italy'), ('Campobasso', 'Italy'), ('Busto Garolfo', 'Italy'), ('Bruino', 'Italy'), ('Brignano Gera d'Adda', 'Italy'), ('Bottrighe', 'Italy'), ('Borghetto di Vara', 'Italy'), ('Borgaro Torinese', 'Italy'), ('Blera', 'Italy'), ('Bisceglie', 'Italy'), ('Beura', 'Italy'), ('Bettona', 'Italy'), ('Bedonia', 'Italy'), ('Balocco', 'Italy'), ('Averara', 'Italy'), ('Arquata Scrivia', 'Italy'), ('Arona', 'Italy'), ('Armento', 'Italy'), ('Armeno', 'Italy'), ('Apiro', 'Italy'), ('Anzola d'Ossola', 'Italy'), ('Amorosi', 'Italy'), ('Albaredo', 'Italy'), ('Alanno', 'Italy'), ('Agugliano', 'Italy'), ('Acerra', 'Italy'), ('Acerno', 'Italy'), ('Ruda', 'Italy'), ('Terzo d'Aquileia', 'Italy'), ('Badoere', 'Italy'), ('Viganella', 'Italy'), ('Cassano Magnago', 'Italy'), ('Castelspina', 'Italy'), ('Oviglio', 'Italy'), ('Montezemolo', 'Italy'), ('Incisa Scapaccino', 'Italy'), ('Rondanina', 'Italy'), ('Pozzol Groppo', 'Italy'), ('Blevio', 'Italy'), ('Borgio', 'Italy'), ('Piario', 'Italy'), ('Sant'Omobono Terme', 'Italy'), ('Longhena', 'Italy'), ('Corte de' Cortesi con Cignone', 'Italy'), ('Vigo di Ton', 'Italy'), ('Ossana', 'Italy'), ('Magre sulla Strada del Vino', 'Italy'), ('Oggebbio', 'Italy'), ('Ponzano Monferrato', 'Italy'), ('Azzio', 'Italy'), ('Ollomont', 'Italy'), ('Bardello', 'Italy'), ('Bisuschio', 'Italy'), ('Cantello', 'Italy'), ('Albiolo', 'Italy'), ('Castelmarte', 'Italy'), ('Dosso del Liro', 'Italy'), ('Calvagese della Riviera', 'Italy'), ('Corte de' Frati', 'Italy'), ('Cavedine', 'Italy'), ('Casamicciola Terme', 'Italy'), ('Scisciano', 'Italy'), ('Cesinali', 'Italy'), ('Feroleto Antico', 'Italy'), ('Piatto', 'Italy'), ('Pasturo', 'Italy'), ('Caresanablot', 'Italy'), ('Cavaglio D'Agogna', 'Italy'), ('Rifreddo', 'Italy'), ('Scurzolengo', 'Italy'), ('Viale', 'Italy'), ('Pareto', 'Italy'), ('Zugliano', 'Italy'), ('Treppo Carnico', 'Italy'), ('Casapesenna', 'Italy'), ('Montella', 'Italy'), ('Cassina Valsassina', 'Italy'), ('Montevecchia', 'Italy'), ('Cornovecchio', 'Italy'), ('Zuni', 'Italy'), ('Ramponio Verna', 'Italy'), ('Ceretto Lomellina', 'Italy'), ('Bastia Mondovi', 'Italy'), ('Bonvicino', 'Italy'), ('Castiglione Tinella', 'Italy'), ('Luco Mugello', 'Italy'), ('Casal Palocco', 'Italy'), ('Monasterolo', 'Italy'), ('Santa Maria Apparente', 'Italy'), ('Montedecoro', 'Italy'), ('Bandito', 'Italy'), ('Mulino', 'Italy'), ('Montelera', 'Italy'), ('Gabbio-Cereda-Ramate', 'Italy'), ('Folzano', 'Italy'), ('Riva', 'Italy'), ('Casone', 'Italy'), ('Montalbano', 'Italy'), ('Garbagnate', 'Italy'), ('Stazione Masotti', 'Italy'), ('Nosadello', 'Italy'), ('Stazione di Allerona', 'Italy'), ('Molella', 'Italy'), ('Brozzo', 'Italy'), ('Colle del Pino', 'Italy'), ('Rifiano', 'Italy'), ('Villa', 'Italy'), ('Coassolo', 'Italy'), ('San Giovanni', 'Italy'), ('Chiesa Nuova', 'Italy'), ('Serone', 'Italy'), ('Sant'Orsola', 'Italy'), ('Taverna Ravindola', 'Italy'), ('Spigno Saturnia Inferiore', 'Italy'), ('Ponte Sasso', 'Italy'), ('San Giuseppe', 'Italy'), ('Sant'Eufemia della Fonte', 'Italy'), ('Richmond', 'Jamaica'), ('Moneague', 'Jamaica'), ('Malvern', 'Jamaica'), ('Hayes', 'Jamaica'), ('Quickstep', 'Jamaica'), ('`Irjan', 'Jordan'), ('Safi', 'Jordan'), ('Al `Arid', 'Jordan'), ('Wakasa', 'Japan'), ('Ube', 'Japan'), ('Tonosho', 'Japan'), ('Suzaka', 'Japan'), ('Sabaino', 'Peru'), ('Huaccana', 'Peru'), ('Huancaspata', 'Peru'), ('Jose Leonardo Ortiz', 'Peru'), ('Mariano Melgar', 'Peru'), ('Jesus Maria', 'Peru'), ('Teavaro', 'French Polynesia'), ('Papao', 'French Polynesia'), ('Haapiti', 'French Polynesia'), ('Arawa', 'Papua New Guinea'), ('Biay', 'Philippines'), ('Valencia', 'Philippines'), ('Valencia', 'Philippines'), ('Uyaan', 'Philippines'), ('Uson', 'Philippines'), ('Upi', 'Philippines'), ('Uling', 'Philippines'), ('Tutubigan', 'Philippines'), ('Tubod', 'Philippines'), ('Tiwi', 'Philippines'), ('Tiguion', 'Philippines'), ('Tanolong', 'Philippines'), ('Talisayan', 'Philippines'), ('Tabuan', 'Philippines'), ('Suso', 'Philippines'), ('Sulat', 'Philippines'), ('Sulangan', 'Philippines'), ('Soyung', 'Philippines'), ('Solo', 'Philippines'), ('Sitangkai', 'Philippines'), ('Sinala', 'Philippines'), ('Silanga', 'Philippines'), ('Siay', 'Philippines'), ('San Vicente', 'Philippines'), ('San Vicente', 'Philippines'), ('Santo Domingo', 'Philippines'), ('Santa Angel', 'Philippines'), ('Santa Fe', 'Philippines'), ('San Pedro', 'Philippines'), ('San Pascual', 'Philippines'), ('San Mariano', 'Philippines'), ('San Juan', 'Philippines'), ('San Antonio', 'Philippines'), ('Salvacion', 'Philippines'), ('Sagurong', 'Philippines'), ('Rizal', 'Philippines'), ('Quinagaringan', 'Philippines'), ('Punang', 'Philippines'), ('Prieto Diaz', 'Philippines'), ('Polong Norte', 'Philippines'), ('Polanco', 'Philippines'), ('Pitogo', 'Philippines'), ('Pintuyan', 'Philippines'), ('Pilar', 'Philippines'), ('Payao', 'Philippines'), ('Pasibi West', 'Philippines'), ('Parang', 'Philippines'), ('Pantay Na Matanda', 'Philippines'), ('Pantar', 'Philippines'), ('Pajo', 'Philippines'), ('Ocana', 'Philippines'), ('New Visayas', 'Philippines'), ('New Lagao', 'Philippines'), ('Napalitan', 'Philippines'), ('Nangan', 'Philippines'), ('Nagtipunan', 'Philippines'), ('Mungo', 'Philippines'), ('Minuri', 'Philippines'), ('Matagbak', 'Philippines'), ('Masaya Sur', 'Philippines'), ('Masaya', 'Philippines'), ('Masarayao', 'Philippines'), ('Maricaban', 'Philippines'), ('Marbel', 'Philippines'), ('Marawi City', 'Philippines'), ('Marantao', 'Philippines'), ('Mabahin', 'Philippines'), ('Maltana', 'Philippines'), ('Malingin', 'Philippines'), ('Maliig', 'Philippines'), ('Makati City', 'Philippines'), ('Mahala', 'Philippines'), ('Magalang', 'Philippines'), ('Madamba', 'Philippines'), ('Maanas', 'Philippines'), ('Luuk Datan', 'Philippines'), ('Lumatil', 'Philippines'), ('Lucero', 'Philippines'), ('Lucapon', 'Philippines'), ('Lobo', 'Philippines'), ('Linabo', 'Philippines'), ('Limpapa', 'Philippines'), ('Libertad', 'Philippines'), ('Lemery', 'Philippines'), ('Lawa-an', 'Philippines'), ('Langtad', 'Philippines'), ('Lampitak', 'Philippines'), ('La Hacienda', 'Philippines'), ('Labungan', 'Philippines'), ('Kilim', 'Philippines'), ('Kiangan', 'Philippines'), ('Kapingkong', 'Philippines'), ('Jibao-an', 'Philippines'), ('Irasan', 'Philippines'), ('Indang', 'Philippines'), ('Hinlayagan Ilaud', 'Philippines'), ('Hamtic', 'Philippines'), ('Gumaus', 'Philippines'), ('Guiong', 'Philippines'), ('Guadalupe', 'Philippines'), ('Goma', 'Philippines'), ('Esperanza', 'Philippines'), ('Dorongan Punta', 'Philippines'), ('Digal', 'Philippines'), ('Dapdap', 'Philippines'), ('Culianan', 'Philippines'), ('Catuday', 'Philippines'), ('Caracal', 'Philippines'), ('Canturay', 'Philippines'), ('Cansolungon', 'Philippines'), ('Candelaria', 'Philippines'), ('Canayan', 'Philippines'), ('Camambugan', 'Philippines'), ('Caloc-an', 'Philippines'), ('Cabilauan', 'Philippines'), ('Cabanbanan', 'Philippines'), ('Caba', 'Philippines'), ('Busing', 'Philippines'), ('Burirao', 'Philippines'), ('Burabod', 'Philippines'), ('Buluan', 'Philippines'), ('Bukal Sur', 'Philippines'), ('Buguey', 'Philippines'), ('Buenavista', 'Philippines'), ('Bued', 'Philippines'), ('Buanoy', 'Philippines'), ('Bolilao', 'Philippines'), ('Binalan', 'Philippines'), ('Basiad', 'Philippines'), ('Barcelona', 'Philippines'), ('Barahan', 'Philippines'), ('Banquero', 'Philippines'), ('Banga', 'Philippines'), ('Balsic', 'Philippines'), ('Calamundingan', 'Philippines'), ('Balele', 'Philippines'), ('Bahay', 'Philippines'), ('Bagumbayan', 'Philippines'), ('Baguio', 'Philippines'), ('Bagtic', 'Philippines'), ('Bagong-Sikat', 'Philippines'), ('Bagong Barrio', 'Philippines'), ('Bagacay', 'Philippines'), ('Bagacay', 'Philippines'), ('Badlan', 'Philippines'), ('Bactad Proper', 'Philippines'), ('Bacalan', 'Philippines'), ('Antequera', 'Philippines'), ('Angatel', 'Philippines'), ('Anao', 'Philippines'), ('Aloleng', 'Philippines'), ('Alcantara', 'Philippines'), ('Agoo', 'Philippines'), ('Adlay', 'Philippines'), ('Abut', 'Philippines'), ('Tablas', 'Philippines'), ('Sumalig', 'Philippines'), ('Kapalong', 'Philippines'), ('Bonbon', 'Philippines'), ('Santo Nino', 'Philippines'), ('Basiawan', 'Philippines'), ('Pir Jo Goth', 'Pakistan'), ('Wana', 'Pakistan'), ('Tangi', 'Pakistan'), ('Surab', 'Pakistan'), ('Sohbatpur', 'Pakistan'), ('Shujaabad', 'Pakistan'), ('Shahpur', 'Pakistan'), ('Chak One Hundred Eighty-six Nine Left', 'Pakistan'), ('Murree', 'Pakistan'), ('Larkana', 'Pakistan'), ('Jacobabad', 'Pakistan'), ('Fazilpur', 'Pakistan'), ('Chichawatni', 'Pakistan'), ('Cherat Cantonement', 'Pakistan'), ('Chak', 'Pakistan'), ('Zoliborz', 'Poland'), ('Zagorz', 'Poland'), ('Wola Rebkowska', 'Poland'), ('Wawrzenczyce', 'Poland'), ('Wasilkow', 'Poland'), ('Tluszcz', 'Poland'), ('Szydlowiec', 'Poland'), ('Sypniewo', 'Poland'), ('Swietajno', 'Poland'), ('Strawczyn', 'Poland'), ('Sosnowica', 'Poland'), ('Rybczewice', 'Poland'), ('Rembertow', 'Poland'), ('Przedzel', 'Poland'), ('Pogorska Wola', 'Poland'), ('Osiek Jasielski', 'Poland'), ('Nowe Miasto nad Pilica', 'Poland'), ('Lukowica', 'Poland'), ('Lipsk', 'Poland'), ('Lelkowo', 'Poland'), ('Kosina', 'Poland'), ('Stara Kornica', 'Poland'), ('Izabelin', 'Poland'), ('Kocierzew Poludniowy', 'Poland'), ('Boqueron', 'Puerto Rico'), ('Camuy', 'Puerto Rico'), ('Celada', 'Puerto Rico'), ('Imbery', 'Puerto Rico'), ('La Fermina', 'Puerto Rico'), ('Los Llanos', 'Puerto Rico'), ('Palo Seco', 'Puerto Rico'), ('San Antonio', 'Puerto Rico'), ('Siris', 'West Bank and Gaza Strip'), ('Sarrah', 'West Bank and Gaza Strip'), ('Raba', 'West Bank and Gaza Strip'), ('Qalandiya', 'West Bank and Gaza Strip'), ('Faqqu'ah', 'West Bank and Gaza Strip'), ('Dayr as Sudan', 'West Bank and Gaza Strip'), ('Bayt Dajan', 'West Bank and Gaza Strip'), ('Artas', 'West Bank and Gaza Strip'), ('Al Mazra'ah ash Sharqiyah', 'West Bank and Gaza Strip'), ('Khallat Salih', 'West Bank and Gaza Strip'), ('Sao Juliao', 'Portugal'), ('Salvada', 'Portugal'), ('Rio de Mouro', 'Portugal'), ('Porches', 'Portugal'), ('Ponta do Sol', 'Portugal'), ('Olhao', 'Portugal'), ('Minas de Sao Domingos', 'Portugal'), ('Leiria', 'Portugal'), ('Lagos', 'Portugal'), ('Juncal', 'Portugal'), ('Gaeiras', 'Portugal'), ('Foz do Arelho', 'Portugal'), ('Famoes', 'Portugal'), ('Avelar', 'Portugal'), ('Amadora', 'Portugal'), ('Altura', 'Portugal'), ('Almancil', 'Portugal'), ('Real', 'Portugal'), ('Penafiel', 'Portugal'), ('Pacos de Ferreira', 'Portugal'), ('Oliveira', 'Portugal'), ('Leca da Palmeira', 'Portugal'), ('Guarda', 'Portugal'), ('Ervedosa do Douro', 'Portugal'), ('Buarcos', 'Portugal'), ('Kloulklubed', 'Palau'), ('Ngerulmud', 'Palau'), ('San Isidro de Curuguaty', 'Paraguay'), ('Mbocayaty', 'Paraguay'), ('Limpio', 'Paraguay'), ('General Higinio Morinigo', 'Paraguay'), ('Ciudad del Este', 'Paraguay'), ('Bras-Panon', 'Réunion'), ('Zarnesti', 'Romania'), ('Zagon', 'Romania'), ('Vladesti', 'Romania'), ('Vedea', 'Romania'), ('Klaj', 'Poland'), ('Kije', 'Poland'), ('Goldap', 'Poland'), ('Gietrzwald', 'Poland'), ('Frysztak', 'Poland'), ('Dynow', 'Poland'), ('Ceranow', 'Poland'), ('Brzoza Stadnicka', 'Poland'), ('Brzostek', 'Poland'), ('Bilgoraj', 'Poland'), ('Barczewo', 'Poland'), ('Backowice', 'Poland'), ('Zuromin', 'Poland'), ('Zelazkow', 'Poland'), ('Zawidow', 'Poland'), ('Wilkowice', 'Poland'), ('Wilkow', 'Poland'), ('Wagrowiec', 'Poland'), ('Unislaw', 'Poland'), ('Trzebiel', 'Poland'), ('Targanice', 'Poland'), ('Szklarska Poreba', 'Poland'), ('Szczytna', 'Poland'), ('Szczepanow', 'Poland'), ('Swiecie nad Osa', 'Poland'), ('Starowa Gora', 'Poland'), ('Starogard Gdanski', 'Poland'), ('Sadlinki', 'Poland'), ('Rzyki', 'Poland'), ('Rycerka Dolna', 'Poland'), ('Rusocice', 'Poland'), ('Rozwadza', 'Poland'), ('Regulice', 'Poland'), ('Rajsko', 'Poland'), ('Radzionkow', 'Poland'), ('Pszczyna', 'Poland'), ('Przelewice', 'Poland'), ('Przeclaw', 'Poland'), ('Poznan', 'Poland'), ('Poraj', 'Poland'), ('Piatek', 'Poland'), ('Osiek', 'Poland'), ('Osiek', 'Poland'), ('Osieczna', 'Poland'), ('Nowogrodziec', 'Poland'), ('Naprawa', 'Poland'), ('Miloradz', 'Poland'), ('Mikolajki Pomorskie', 'Poland'), ('Michalowice', 'Poland'), ('Lubliniec', 'Poland'), ('Lobzenica', 'Poland'), ('Legnica', 'Poland'), ('Ladek', 'Poland'), ('Kwaczala', 'Poland'), ('Krobia', 'Poland'), ('Korfantow', 'Poland'), ('Kleczew', 'Poland'), ('Jaworze', 'Poland'), ('Jawor', 'Poland'), ('Jastrzebia Gora', 'Poland'), ('Istebna', 'Poland'), ('Inowroclaw', 'Poland'), ('Grodzisk Wielkopolski', 'Poland'), ('Gorzyce Wielkie', 'Poland'), ('Gniezdzewo', 'Poland'), ('Giebultow', 'Poland'), ('Fabianki', 'Poland'), ('Dobra', 'Poland'), ('Daszewice', 'Poland'), ('Czernica', 'Poland'), ('Choczewo', 'Poland'), ('Chalupki', 'Poland'), ('Bytnica', 'Poland'), ('Bydgoszcz', 'Poland'), ('Brzeszcze', 'Poland'), ('Bralin', 'Poland'), ('Borek Wielkopolski', 'Poland'), ('Boleslawiec', 'Poland'), ('Banie', 'Poland'), ('Shimabara', 'Japan'), ('Sasebo', 'Japan'), ('Saga', 'Japan'), ('Omi', 'Japan'), ('Obama', 'Japan'), ('Nishinoomote', 'Japan'), ('Niigata', 'Japan'), ('Nakanojomachi', 'Japan'), ('Nakama', 'Japan'), ('Morohongo', 'Japan'), ('Mino', 'Japan'), ('Kukichuo', 'Japan'), ('Konosu', 'Japan'), ('Kitahama', 'Japan'), ('Kitagata', 'Japan'), ('Kawara', 'Japan'), ('Kamigori', 'Japan'), ('Izumi', 'Japan'), ('Itoigawa', 'Japan'), ('Ito', 'Japan'), ('Hadano', 'Japan'), ('Gotenba', 'Japan'), ('Gosen', 'Japan'), ('Futtsu', 'Japan'), ('Aki', 'Japan'), ('Shimotoda', 'Japan'), ('Hojo', 'Japan'), ('Qarawat Bani Zayd', 'West Bank and Gaza Strip'), ('Santa Barbara', 'Mexico'), ('San Marcos', 'Mexico'), ('Santo Domingo de Silos', 'Spain'), ('Santo Domingo de las Posadas', 'Spain'), ('Sant Joan de Vilatorrada', 'Spain'), ('Santa Maria de Palautordera', 'Spain'), ('Santa Maria del Berrocal', 'Spain'), ('Santa Maria de Corco', 'Spain'), ('Santa Eulalia de Roncana', 'Spain'), ('Santa Colomba de Curueno', 'Spain'), ('San Pedro de Gaillos', 'Spain'), ('Sant Fruitos de Bages', 'Spain'), ('Sanchorreja', 'Spain'), ('Sanchon de la Sagrada', 'Spain'), ('Salillas de Jalon', 'Spain'), ('Salamanca', 'Spain'), ('Robleda', 'Spain'), ('Riudecols', 'Spain'), ('Reocin', 'Spain'), ('Rasines', 'Spain'), ('Ramales de la Victoria', 'Spain'), ('Rajadell', 'Spain'), ('Rabanera del Pinar', 'Spain'), ('Quintanapalla', 'Spain'), ('Ponte Caldelas', 'Spain'), ('Puebla de San Miguel', 'Spain'), ('Portonovo', 'Spain'), ('Portas', 'Spain'), ('Pomer', 'Spain'), ('Plenas', 'Spain'), ('Pleitas', 'Spain'), ('el Pla del Penedes', 'Spain'), ('El Pla de Santa Maria', 'Spain'), ('Pino del Rio', 'Spain'), ('Piedras Blancas', 'Spain'), ('Perdiguera', 'Spain'), ('Peranzanes', 'Spain'), ('Penalver', 'Spain'), ('Peguerinos', 'Spain'), ('Pedrezuela', 'Spain'), ('Pedraza', 'Spain'), ('Paramo del Sil', 'Spain'), ('Parada de Rubiales', 'Spain'), ('Padilla de Abajo', 'Spain'), ('Osso de Sio', 'Spain'), ('Ortigosa', 'Spain'), ('Olmillos de Muno', 'Spain'), ('Ojacastro', 'Spain'), ('Odon', 'Spain'), ('Nuevalos', 'Spain'), ('Noia', 'Spain'), ('Nogal de las Huertas', 'Spain'), ('Nepas', 'Spain'), ('Navares de las Cuevas', 'Spain'), ('Navamorales', 'Spain'), ('Navaluenga', 'Spain'), ('Navalmoral de Bejar', 'Spain'), ('Nalec', 'Spain'), ('Munotello', 'Spain'), ('Munico', 'Spain'), ('Muda', 'Spain'), ('Moron de Almazan', 'Spain'), ('Mora de Rubielos', 'Spain'), ('Montenegro de Cameros', 'Spain'), ('Molinillo', 'Spain'), ('Mentrida', 'Spain'), ('Masueco', 'Spain'), ('Martiherrero', 'Spain'), ('Mallen', 'Spain'), ('Loeches', 'Spain'), ('Loarre', 'Spain'), ('Leaburu', 'Spain'), ('Larrodrigo', 'Spain'), ('Lagartos', 'Spain'), ('Ladrillar', 'Spain'), ('Jerte', 'Spain'), ('Jaramillo de la Fuente', 'Spain'), ('Infiesto', 'Spain'), ('Hijes', 'Spain'), ('Herrera de Pisuerga', 'Spain'), ('Garralda', 'Spain'), ('Gallifa', 'Spain'), ('Funes', 'Spain'), ('Fuentes de Valdepero', 'Spain'), ('Fuentes Calientes', 'Spain'), ('Fuente de Santa Cruz', 'Spain'), ('Esquivias', 'Spain'), ('Escurial de la Sierra', 'Spain'), ('Escucha', 'Spain'), ('Escariche', 'Spain'), ('Elorrio', 'Spain'), ('Elgeta', 'Spain'), ('Donjimeno', 'Spain'), ('Cuellar', 'Spain'), ('Cuarte de Huerva', 'Spain'), ('Corcubion', 'Spain'), ('Corbalan', 'Spain'), ('Condemios de Arriba', 'Spain'), ('Codos', 'Spain'), ('Cobos de Fuentiduena', 'Spain'), ('Siurana', 'Spain'), ('Cetina', 'Spain'), ('Cervera del Rio Alhama', 'Spain'), ('Cervello', 'Spain'), ('Catoira', 'Spain'), ('Castro-Urdiales', 'Spain'), ('Castrillo-Tejeriego', 'Spain'), ('Castrillo del Val', 'Spain'), ('Castraz', 'Spain'), ('Castillo de Villamalefa', 'Spain'), ('Castejon de Valdejasa', 'Spain'), ('Castejon de Monegros', 'Spain'), ('Cascajares de la Sierra', 'Spain'), ('Carrias', 'Spain'), ('Carrascal de Barregas', 'Spain'), ('Carranque', 'Spain'), ('Caparroso', 'Spain'), ('Canredondo', 'Spain'), ('Canizal', 'Spain'), ('Canillas de Rio Tuerto', 'Spain'), ('Candelario', 'Spain'), ('Canamaque', 'Spain'), ('Campillo de Duenas', 'Spain'), ('Caminreal', 'Spain'), ('Calzada de los Molinos', 'Spain'), ('Cabrils', 'Spain'), ('Cabizuela', 'Spain'), ('Brieva', 'Spain'), ('Bonilla de la Sierra', 'Spain'), ('Binaced', 'Spain'), ('Belinchon', 'Spain'), ('Belena', 'Spain'), ('Bayubas de Abajo', 'Spain'), ('Barcelona', 'Spain'), ('Barbues', 'Spain'), ('Barbastro', 'Spain'), ('Banos de Rio Tobia', 'Spain'), ('Begur', 'Spain'), ('Azofra', 'Spain'), ('Avellanosa de Muno', 'Spain'), ('Arnuero', 'Spain'), ('Argonos', 'Spain'), ('Argentona', 'Spain'), ('Arbeca', 'Spain'), ('Anguiano', 'Spain'), ('Andosilla', 'Spain'), ('Ambite', 'Spain'), ('Almaluez', 'Spain'), ('Aliaga', 'Spain'), ('Alfajarin', 'Spain'), ('Aldehuela de Yeltes', 'Spain'), ('Aldeadavila de la Ribera', 'Spain'), ('l'Alcora', 'Spain'), ('Alcocer', 'Spain'), ('Alcanar', 'Spain'), ('Alberite', 'Spain'), ('Albendea', 'Spain'), ('Ainsa', 'Spain'), ('Aguasal', 'Spain'), ('Horta-Guinardo', 'Spain'), ('Sant Marti de Provencals', 'Spain'), ('Son Ferrer', 'Spain'), ('Sant Julia de Ramis', 'Spain'), ('Costacabana', 'Spain'), ('Vilapicina i la Torre Llobeta', 'Spain'), ('Waal', 'Ethiopia'), ('Were Ilu', 'Ethiopia'), ('Nefas Mewch'a', 'Ethiopia'), ('Mambuk', 'Ethiopia'), ('Injibara', 'Ethiopia'), ('Felana', 'Ethiopia'), ('Dejen', 'Ethiopia'), ('Ch'iko', 'Ethiopia'), ('Bako', 'Ethiopia'), ('Voera', 'Finland'), ('Utajaervi', 'Finland'), ('Suonenjoki', 'Finland'), ('Suomussalmi', 'Finland'), ('Saeynaetsalo', 'Finland'), ('Renko', 'Finland'), ('Reisjaervi', 'Finland'), ('Pyhtaeae', 'Finland'), ('Pielavesi', 'Finland'), ('Nurmijaervi', 'Finland'), ('Mynaemaeki', 'Finland'), ('Lahti', 'Finland'), ('Kuhmo', 'Finland'), ('Kuhmalahti', 'Finland'), ('Haemeenkoski', 'Finland'), ('Kokkola', 'Finland'), ('Klaukkala', 'Finland'), ('Kempele', 'Finland'), ('Kauhajoki', 'Finland'), ('Jakobstad', 'Finland'), ('Hauho', 'Finland'), ('Enonkoski', 'Finland'), ('Alavieska', 'Finland'), ('Alastaro', 'Finland'), ('Nadi', 'Fiji'), ('Ba', 'Fiji'), ('Tofol', 'None'), ('Leirvik', 'Faeroe Islands'), ('Wervicq-Sud', 'France'), ('Wattwiller', 'France'), ('Viviers-les-Montagnes', 'France'), ('Vitry-le-Francois', 'France'), ('Virazeil', 'France'), ('Vimy', 'France'), ('Villiers-sur-Morin', 'France'), ('Ville-sous-Anjou', 'France'), ('Villennes-sur-Seine', 'France'), ('Villegouge', 'France'), ('Veyras', 'France'), ('Vertus', 'France'), ('Vernon', 'France'), ('Valenciennes', 'France'), ('Tulle', 'France'), ('Troyes', 'France'), ('Tricot', 'France'), ('Treillieres', 'France'), ('Tournehem-sur-la-Hem', 'France'), ('Toucy', 'France'), ('Tillieres-sur-Avre', 'France'), ('Tillieres', 'France'), ('Thiberville', 'France'), ('Thenon', 'France'), ('Theillay', 'France'), ('Templeuve-en-Pevele', 'France'), ('Templemars', 'France'), ('Tavaux', 'France'), ('Taulignan', 'France'), ('Tanlay', 'France'), ('Soreze', 'France'), ('Sonzay', 'France'), ('Solers', 'France'), ('Six-Fours-les-Plages', 'France'), ('Sissonne', 'France'), ('Seyssuel', 'France'), ('Seyne-les-Alpes', 'France'), ('Ladoix-Serrigny', 'France'), ('Sene', 'France'), ('Semblancay', 'France'), ('Seigy', 'France'), ('Seez', 'France'), ('Savigny-en-Veron', 'France'), ('Savigne-sur-Lathan', 'France'), ('Savennieres', 'France'), ('Sarreguemines', 'France'), ('San-Martino-di-Lota', 'France'), ('Samer', 'France'), ('Saint-Yrieix-la-Perche', 'France'), ('Saint-Vivien-de-Medoc', 'France'), ('Saint-Sulpice-le-Gueretois', 'France'), ('Saint-Sulpice', 'France'), ('Saint-Sauveur-des-Landes', 'France'), ('Saint-Romans', 'France'), ('Saint-Quentin-sur-Isere', 'France'), ('Saint-Quentin-Fallavier', 'France'), ('Saint-Paul', 'France'), ('Saint-Paul-de-Varces', 'France'), ('Saint-Parize-le-Chatel', 'France'), ('Saint-Ouen-du-Tilleul', 'France'), ('Saint-Mitre-les-Remparts', 'France'), ('Saint-Menges', 'France');