INSERT INTO cities (name, cou_name_en) VALUES ('Fluminimaggiore', 'Italy'), ('Filogaso', 'Italy'), ('Enna', 'Italy'), ('Donnici Inferiore', 'Italy'), ('Cefalu', 'Italy'), ('Castiglione', 'Italy'), ('Castiglione di Sicilia', 'Italy'), ('Castelvetrano', 'Italy'), ('Casteltermini', 'Italy'), ('Castelluccio Inferiore', 'Italy'), ('Castel di Lucio', 'Italy'), ('Casole Bruzio', 'Italy'), ('Carlopoli', 'Italy'), ('Buggerru', 'Italy'), ('Borgia', 'Italy'), ('Bisignano', 'Italy'), ('Amato', 'Italy'), ('Zelarino', 'Italy'), ('Voltido', 'Italy'), ('Volta Mantovana', 'Italy'), ('Vione', 'Italy'), ('Villanuova sul Clisi', 'Italy'), ('Villammare', 'Italy'), ('Villamarzana', 'Italy'), ('Villa Cortese', 'Italy'), ('Villabruna-Umin', 'Italy'), ('Vernasca', 'Italy'), ('Vallepietra', 'Italy'), ('Valla', 'Italy'), ('Valfenera', 'Italy'), ('Uggiano Montefusco', 'Italy'), ('Trescore Balneario', 'Italy'), ('Trescine', 'Italy'), ('Tremenico', 'Italy'), ('Tortoreto', 'Italy'), ('Torella dei Lombardi', 'Italy'), ('Tenno', 'Italy'), ('Taibon Agordino', 'Italy'), ('Susegana', 'Italy'), ('Spirano', 'Italy'), ('Sorrento', 'Italy'), ('Sorgono', 'Italy'), ('Sistiana-Visogliano', 'Italy'), ('Sezze', 'Italy'), ('Seriate', 'Italy'), ('Selva di Cadore', 'Italy'), ('Sedini', 'Italy'), ('Secli', 'Italy'), ('Savoia di Lucania', 'Italy'), ('Sarmede', 'Italy'), ('Santomenna', 'Italy'), ('San Teodoro', 'Italy'), ('San Tammaro', 'Italy'), ('Sant'Ambrogio di Valpollicella', 'Italy'), ('Santa Maria Imbaro', 'Italy'), ('Santa Maria Codifiume', 'Italy'), ('Santa Brigida', 'Italy'), ('San Pancrazio', 'Italy'), ('San Martino in Rio', 'Italy'), ('San Marco la Catola', 'Italy'), ('San Lazzaro', 'Italy'), ('Sanfre', 'Italy'), ('San Ferdinando di Puglia', 'Italy'), ('San Cipriano Picentino', 'Italy'), ('San Buono', 'Italy'), ('Sampeyre', 'Italy'), ('Salo', 'Italy'), ('Salandra', 'Italy'), ('Salbertrand', 'Italy'), ('Rovasenda', 'Italy'), ('Roiate', 'Italy'), ('Roccasicura', 'Italy'), ('Rocca San Casciano', 'Italy'), ('Rivalba', 'Italy'), ('Recanati', 'Italy'), ('Quinto Vercellese', 'Italy'), ('Quinto di Treviso', 'Italy'), ('Putifigari', 'Italy'), ('Premariacco', 'Italy'), ('Pozzonovo', 'Italy'), ('Pozzaglia Sabino', 'Italy'), ('Porto Santo Stefano', 'Italy'), ('Porto Recanati', 'Italy'), ('Ponti', 'Italy'), ('Ponte', 'Italy'), ('Pomezia', 'Italy'), ('Pizzoli', 'Italy'), ('Piuro', 'Italy'), ('Pitigliano', 'Italy'), ('Piossasco', 'Italy'), ('Pinzano al Tagliamento', 'Italy'), ('Pieve d'Alpago', 'Italy'), ('Piamborno', 'Italy'), ('Peschici', 'Italy'), ('Pesche', 'Italy'), ('Pennapiedimonte', 'Italy'), ('Pecetto di Valenza', 'Italy'), ('Pattada', 'Italy'), ('Parre', 'Italy'), ('Paganico Sabino', 'Italy'), ('Ozieri', 'Italy'), ('Ottobiano', 'Italy'), ('Ospedaletto', 'Italy'), ('Osmate', 'Italy'), ('Orvieto', 'Italy'), ('Olevano Romano', 'Italy'), ('Muro Lucano', 'Italy'), ('Muccia', 'Italy'), ('Morozzo', 'Italy'), ('Moricone', 'Italy'), ('Moriago della Battaglia', 'Italy'), ('Montottone', 'Italy'), ('Monte Vidon Corrado', 'Italy'), ('Monte San Giusto', 'Italy'), ('Monteroni di Lecce', 'Italy'), ('Monteodorisio', 'Italy'), ('Monte Marenzo', 'Italy'), ('Montecilfone', 'Italy'), ('Montecarotto', 'Italy'), ('Monchiero Borgonuovo', 'Italy'), ('Mombaldone', 'Italy'), ('Mola di Bari', 'Italy'), ('Moio della Civitella-Pellare', 'Italy'), ('Modigliana', 'Italy'), ('Mezzano', 'Italy'), ('Meta', 'Italy'), ('Marcianise', 'Italy'), ('Lodi', 'Italy'), ('Linate', 'Italy'), ('Lignano Sabbiadoro', 'Italy'), ('Lauria', 'Italy'), ('Lauregno', 'Italy'), ('La Thuile', 'Italy'), ('Lana', 'Italy'), ('Gratacasolo', 'Italy'), ('Gradisca d'Isonzo', 'Italy'), ('Gossolengo', 'Italy'), ('Gissi', 'Italy'), ('Gioia Sannitica', 'Italy'), ('Gattinara', 'Italy'), ('Garadassi', 'Italy'), ('Gaiole in Chianti', 'Italy'), ('Fucecchio', 'Italy'), ('Frosolone', 'Italy'), ('Fossalta di Portogruaro', 'Italy'), ('Formigara', 'Italy'), ('Forio', 'Italy'), ('Fino Mornasco', 'Italy'), ('Fiesso Umbertiano', 'Italy'), ('Fenestrelle', 'Italy'), ('Favria', 'Italy'), ('Fauglia', 'Italy'), ('Fanano', 'Italy'), ('Fai della Paganella', 'Italy'), ('Dusino', 'Italy'), ('Dorio', 'Italy'), ('Dairago', 'Italy'), ('Cumiana', 'Italy'), ('Cortaccia sulla Strada del Vino', 'Italy'), ('Corsico', 'Italy'), ('Concerviano', 'Italy'), ('Conca della Campania', 'Italy'), ('Collelongo', 'Italy'), ('Coldragone', 'Italy'), ('Colbordolo', 'Italy'), ('Codroipo', 'Italy'), ('Civitella Alfedena', 'Italy'), ('Civita d'Antino', 'Italy'), ('Cittiglio', 'Italy'), ('Cirie', 'Italy'), ('Circello', 'Italy'), ('Cibiana', 'Italy'), ('Chiuro', 'Italy'), ('Coccanile-Cesta', 'Italy'), ('Cerreto Sannita', 'Italy'), ('Cermenate', 'Italy'), ('Ceresara', 'Italy'), ('Ceparana-Carpena', 'Italy'), ('Castronno', 'Italy'), ('Castione della Presolana', 'Italy'), ('Castiglione in Teverina', 'Italy'), ('Castello Molina di Fiemme', 'Italy'), ('Castellina Marittima', 'Italy'), ('Castelfranco di Sopra', 'Italy'), ('Casola di Napoli', 'Italy'), ('Casanova Elvo', 'Italy'), ('Casale di Scodosia', 'Italy'), ('Casalbordino-Miracoli', 'Italy'), ('Carpineto della Nora', 'Italy'), ('Carpenedolo', 'Italy'), ('Carpegna', 'Italy'), ('Carisio', 'Italy'), ('Carimate', 'Italy'), ('Candiana', 'Italy'), ('Campo Tizzoro', 'Italy'), ('Camposano', 'Italy'), ('Campolieto', 'Italy'), ('Campoleone', 'Italy'), ('Camerata Nuova', 'Italy'), ('Caltana', 'Italy'), ('Bussolengo', 'Italy'), ('Buscoldo', 'Italy'), ('Buronzo', 'Italy'), ('Brindisi Montagna', 'Italy'), ('Brendola', 'Italy'), ('Bovisio-Masciago', 'Italy'), ('Borghetto Santo Spirito', 'Italy'), ('Bolognano', 'Italy'), ('Birori', 'Italy'), ('Gabbioneta', 'Italy'), ('Besnate', 'Italy'), ('Bellano', 'Italy'), ('Bastia umbra', 'Italy'), ('Azzanello', 'Italy'), ('Aymavilles', 'Italy'), ('Atella', 'Italy'), ('Arzene', 'Italy'), ('Artegna', 'Italy'), ('Ariano', 'Italy'), ('Arco', 'Italy'), ('Anzi', 'Italy'), ('Anguillara Veneta', 'Italy'), ('Alfano', 'Italy'), ('Albenga', 'Italy'), ('Acciano', 'Italy'), ('San Mauro a Mare', 'Italy'), ('Lido di Pomposa-Lido degli Scacchi', 'Italy'), ('Capriva del Friuli', 'Italy'), ('Meduna di Livenza', 'Italy'), ('Colle Umberto', 'Italy'), ('Ciano', 'Italy'), ('Casacorba', 'Italy'), ('Bocco', 'Italy'), ('San Bartolomeo al Mare', 'Italy'), ('Orta di Atella', 'Italy'), ('Priero', 'Italy'), ('Castellero', 'Italy'), ('Piova Massaia', 'Italy'), ('San Giorgio Monferrato', 'Italy'), ('Solbiate', 'Italy'), ('Cino', 'Italy'), ('Casasco Intelvi', 'Italy'), ('Bellusco', 'Italy'), ('Agnosine', 'Italy'), ('Alfianello', 'Italy'), ('Losine', 'Italy'), ('Torricella Verzate', 'Italy'), ('Grancona', 'Italy'), ('Castel di Lama', 'Italy'), ('Onzo', 'Italy'), ('Vendone', 'Italy'), ('Remedello', 'Italy'), ('Valvestino', 'Italy'), ('Valle Aurina - Ahrntal', 'Italy'), ('Imposte', 'Italy'), ('Brovello-Carpugnino', 'Italy'), ('Montacuto', 'Italy'), ('Fiorano al Serio', 'Italy'), ('Montecreto', 'Italy'), ('Maltignano', 'Italy'), ('Coreno Ausonio', 'Italy'), ('Levate', 'Italy'), ('Vistarino', 'Italy'), ('Figline Vegliaturo', 'Italy'), ('Savoca', 'Italy'), ('Cassago Brianza', 'Italy'), ('Chianocco', 'Italy'), ('Lugnacco', 'Italy'), ('Maggiora', 'Italy'), ('Pisano', 'Italy'), ('Clavesana', 'Italy'), ('Igliano', 'Italy'), ('Cavatore', 'Italy'), ('Prasco', 'Italy'), ('San Lorenzo in Banale', 'Italy'), ('Rocca Pietore', 'Italy'), ('Monteleone di Fermo', 'Italy'), ('Campodimele', 'Italy'), ('Felitto', 'Italy'), ('San Rocco al Porto', 'Italy'), ('Premia', 'Italy'), ('Bene Lario', 'Italy'), ('Ospedaletto', 'Italy'), ('Vambolieri', 'Italy'), ('Caleppio', 'Italy'), ('Novegro-Tregarezzo-San Felice', 'Italy'), ('Pianello Vallesina', 'Italy'), ('Trodica', 'Italy'), ('Miola di Pine', 'Italy'), ('Arcavacata', 'Italy'), ('Corsanico-Bargecchia', 'Italy'), ('Piazza Roma', 'Italy'), ('Fossignano', 'Italy'), ('Campo Limpido-Favale', 'Italy'), ('Levata', 'Italy'), ('Colombella', 'Italy'), ('Cerza', 'Italy'), ('Osigo', 'Italy'), ('Casarea', 'Italy'), ('Maugeri', 'Italy'), ('Villa Raverio', 'Italy'), ('Alpo', 'Italy'), ('Santa Monica-Cella', 'Italy'), ('Villa San Giuseppe', 'Italy'), ('Materdomini', 'Italy'), ('Borghetto-Melara', 'Italy'), ('Villair-Amerique', 'Italy'), ('Tabiago-Cibrone', 'Italy'), ('Baraggia', 'Italy'), ('Moncucco', 'Italy'), ('Cunettone-Villa', 'Italy'), ('Ricco', 'Italy'), ('Squillace Lido', 'Italy'), ('Tombelle', 'Italy'), ('Borgo Fornari-Pieve', 'Italy'), ('Malche-Santa Croce-Serroni', 'Italy'), ('Cendon', 'Italy'), ('Torrazza dei Mandelli', 'Italy'), ('Orzignano', 'Italy'), ('Pianello', 'Italy'), ('Paquier', 'Italy'), ('Chiesa', 'Italy'), ('Sottocastello', 'Italy'), ('Capriglia', 'Italy'), ('Evangelisti-Rubino', 'Italy'), ('Rossi', 'Italy'), ('Moscheri', 'Italy'), ('Lemna', 'Italy'), ('Valentino', 'Italy'), ('Baruchella', 'Italy'), ('Pozzaglio', 'Italy'), ('Orte Scalo', 'Italy'), ('Ocho Rios', 'Jamaica'), ('Mandeville', 'Jamaica'), ('Cambridge', 'Jamaica'), ('Waqqas', 'Jordan'), ('Saham al Kaffarat', 'Jordan'), ('`Allan', 'Jordan'), ('Karak City', 'Jordan'), ('Zama', 'Japan'), ('Yonago', 'Japan'), ('Uozu', 'Japan'), ('Tsukawaki', 'Japan'), ('Tarumizu', 'Japan'), ('Suzuka', 'Japan'), ('Shizuoka', 'Japan'), ('Bani Suhayla', 'West Bank and Gaza Strip'), ('Till', 'West Bank and Gaza Strip'), ('Shuqba', 'West Bank and Gaza Strip'), ('Bil'in', 'West Bank and Gaza Strip'), ('Bayt Sira', 'West Bank and Gaza Strip'), ('Bayt Qad', 'West Bank and Gaza Strip'), ('Barqan', 'West Bank and Gaza Strip'), (''Ayn Yabrud', 'West Bank and Gaza Strip'), ('As Sawiyah', 'West Bank and Gaza Strip'), (''Arrabah', 'West Bank and Gaza Strip'), ('Al Mughraqah', 'West Bank and Gaza Strip'), ('Wadi Rahhal', 'West Bank and Gaza Strip'), ('Terrugem', 'Portugal'), ('Sesimbra', 'Portugal'), ('Sao Jorge', 'Portugal'), ('Sao Joao da Talha', 'Portugal'), ('Porto Salvo', 'Portugal'), ('Portalegre', 'Portugal'), ('Mourao', 'Portugal'), ('Mora', 'Portugal'), ('Golega', 'Portugal'), ('Funchal', 'Portugal'), ('Ferreiras', 'Portugal'), ('Evora', 'Portugal'), ('Elvas', 'Portugal'), ('Algoz', 'Portugal'), ('Vila Seca', 'Portugal'), ('Vila Praia de Ancora', 'Portugal'), ('Vila Nova de Paiva', 'Portugal'), ('Vila Cova', 'Portugal'), ('Vale de Cambra', 'Portugal'), ('Tabua', 'Portugal'), ('Recarei', 'Portugal'), ('Oliveirinha', 'Portugal'), ('Oia', 'Portugal'), ('Mogadouro', 'Portugal'), ('Milheiros de Poiares', 'Portugal'), ('Leca do Bailio', 'Portugal'), ('Cantanhede', 'Portugal'), ('Beiriz de Baixo', 'Portugal'), ('Lagoa', 'Portugal'), ('Tobi Village', 'Palau'), ('San Juan del Parana', 'Paraguay'), ('San Alberto', 'Paraguay'), ('Pilar', 'Paraguay'), ('Mbutuy', 'Paraguay'), ('Guajayvi', 'Paraguay'), ('Fuerte Olimpo', 'Paraguay'), ('Carmen del Parana', 'Paraguay'), ('Colonia Neuland', 'Paraguay'), ('Al Khawr', 'Qatar'), ('Les Trois-Bassins', 'Réunion'), ('Zizin', 'Romania'), ('Zimnicele', 'Romania'), ('Vultureni', 'Romania'), ('Voila', 'Romania'), ('Vladeni', 'Romania'), ('Visina', 'Romania'), ('Viperesti', 'Romania'), ('Vermesti', 'Romania'), ('Varadia', 'Romania'), ('Valea Seaca', 'Romania'), ('Pracze Odrzanskie-Janowek', 'Poland'), ('Candelaria Arenas', 'Puerto Rico'), ('Lajas', 'Puerto Rico'), ('Lares', 'Puerto Rico'), ('Pena Pobre', 'Puerto Rico'), ('Tallaboa', 'Puerto Rico'), ('Rafah', 'West Bank and Gaza Strip'), ('Tubas', 'West Bank and Gaza Strip'), ('Brody-Parcele', 'Poland'), ('Rejon ulicy Traugutta', 'Poland'), ('Kozanow', 'Poland'), ('Canovanas', 'Puerto Rico'), ('La Playa', 'Puerto Rico'), ('Martorell', 'Puerto Rico'), ('Morovis', 'Puerto Rico'), ('Tallaboa Alta', 'Puerto Rico'), ('Vieques', 'Puerto Rico'), ('Ras Karkar', 'West Bank and Gaza Strip'), ('Hallamish', 'West Bank and Gaza Strip'), ('Farkhah', 'West Bank and Gaza Strip'), ('Saijo', 'Japan'), ('Omamacho-omama', 'Japan'), ('Odacho-oda', 'Japan'), ('Nogata', 'Japan'), ('Nichinan', 'Japan'), ('Kameshima', 'Japan'), ('Kakegawa', 'Japan'), ('Isesaki', 'Japan'), ('Hofu', 'Japan'), ('Himeji', 'Japan'), ('Gamagori', 'Japan'), ('Amagasaki', 'Japan'), ('Aioi', 'Japan'), ('Seiro', 'Japan'), ('Yokoshiba', 'Japan'), ('Shinmachi', 'Japan'), ('Sawara', 'Japan'), ('Matsushima', 'Japan'), ('Kaminoyama', 'Japan'), ('Shimukappu', 'Japan'), ('Rusutsu', 'Japan'), ('Mombetsu', 'Japan'), ('Hakodate', 'Japan'), ('Akaigawa', 'Japan'), ('Kihoku-cho', 'Japan'), ('Kaga', 'Japan'), ('Minami-Soma', 'Japan'), ('Oshu', 'Japan'), ('Gujo', 'Japan'), ('Agano', 'Japan'), ('Rishiri Town', 'Japan'), ('Ide', 'Japan'), ('Kawanishi', 'Japan'), ('Higashihiroshima', 'Japan'), ('Fukaya', 'Japan'), ('Kiyose', 'Japan'), ('Tatsuno', 'Japan'), ('Witu', 'Kenya'), ('Othaya', 'Kenya'), ('Ngewa', 'Kenya'), ('Merti', 'Kenya'), ('Maua', 'Kenya'), ('Maralal', 'Kenya'), ('Lokichokio', 'Kenya'), ('Ongata Rongai', 'Kenya'), ('Kisumu', 'Kenya'), ('Kiserian', 'Kenya'), ('Kiganjo', 'Kenya'), ('Kebirigo', 'Kenya'), ('Karuri', 'Kenya'), ('Aravan', 'Kyrgyzstan'), ('Chek', 'Kyrgyzstan'), ('Kyrgyz-Kyshtak', 'Kyrgyzstan'), ('Sangkom Thmei', 'Cambodia'), ('Leuk Daek', 'Cambodia'), ('Prey Nob', 'Cambodia'), ('Banraeaba Village', 'Kiribati'), ('Mnoungou', 'Comoros'), ('T'ongch'on-up', 'Korea, Dem. People's Rep. of'), ('Hwangju-up', 'Korea, Dem. People's Rep. of'), ('Hamhung', 'Korea, Dem. People's Rep. of'), ('Hoeryong', 'Korea, Dem. People's Rep. of'), ('Chungbong', 'Korea, Dem. People's Rep. of'), ('Seoul', 'Korea, Republic of'), ('Asan', 'Korea, Republic of'), ('Koesan', 'Korea, Republic of'), ('Hayang', 'Korea, Republic of'), ('Jinan-gun', 'Korea, Republic of'), ('Jangan', 'Korea, Republic of'), ('Namyangju', 'Korea, Republic of'), ('Annae', 'Korea, Republic of'), ('Gyodong', 'Korea, Republic of'), ('Jinwol', 'Korea, Republic of'), ('Juam', 'Korea, Republic of'), ('Daesan', 'Korea, Republic of'), ('Shevchenko', 'Kazakhstan'), ('Tokarevka', 'Kazakhstan'), ('Terengkol', 'Kazakhstan'), ('Burabay', 'Kazakhstan'), ('Ulken Naryn', 'Kazakhstan'), ('Savannakhet', 'Lao People's Dem. Rep.'), ('Phongsali', 'Lao People's Dem. Rep.'), ('Zgharta', 'Lebanon'), ('Rachaiya el Ouadi', 'Lebanon'), ('Triesenberg', 'Liechtenstein'), ('Negombo', 'Sri Lanka'), ('Kataragama', 'Sri Lanka'), ('Battaramulla South', 'Sri Lanka'), ('Ampara', 'Sri Lanka'), ('Zorzor', 'Liberia'), ('Kolonyama', 'Lesotho'), ('Ukmerge', 'Lithuania'), ('Senieji Trakai', 'Lithuania'), ('Matuizos', 'Lithuania'), ('Gelgaudiskis', 'Lithuania'), ('Antakalnis', 'Lithuania'), ('Soleuvre', 'Luxembourg'), ('Luxembourg', 'Luxembourg'), ('Koerich', 'Luxembourg'), ('Itzig', 'Luxembourg'), ('Dudelange', 'Luxembourg'), ('Salacgriva', 'Latvia'), ('Matisi', 'Latvia'), ('Liegi', 'Latvia'), ('Benghazi', 'Libyan Arab Jamahiriya'), ('Al Jawf', 'Libyan Arab Jamahiriya'), ('Tiznit', 'Morocco'), ('Taza', 'Morocco'), ('Tarhjicht', 'Morocco'), ('Tahannout', 'Morocco'), ('Sidi Bousber', 'Morocco'), ('Safi', 'Morocco'), ('Ras Kebdana', 'Morocco'), ('Oulad Ayad', 'Morocco'), ('Hassi Berkane', 'Morocco'), ('Ouaoula', 'Morocco'), ('Boudenib', 'Morocco'), ('Agdz', 'Morocco'), ('Mellila', 'Morocco'), ('Azla', 'Morocco'), ('Tamansourt', 'Morocco'), ('Tine Biougra', 'Morocco'), ('My Drarga', 'Morocco'), ('Had Bouhssoussen', 'Morocco'), ('Oulad M'Rah', 'Morocco'), ('Had Soualem', 'Morocco'), ('Mers El Kheir', 'Morocco'), ('Ocnita', 'Moldova, Republic of'), ('Donduseni', 'Moldova, Republic of'), ('Dancu', 'Moldova, Republic of'), ('Bugeac', 'Moldova, Republic of'), ('Briceni', 'Moldova, Republic of'), ('Stari Bar', 'Montenegro'), ('Vangaindrano', 'Madagascar'), ('Sambava', 'Madagascar'), ('Mananjary', 'Madagascar'), ('Iharana', 'Madagascar'), ('Beloha', 'Madagascar'), ('Vinica', 'Macedonia, The former Yugoslav Rep. of'), ('Staro Nagorichane', 'Macedonia, The former Yugoslav Rep. of'), ('Negotino', 'Macedonia, The former Yugoslav Rep. of'), ('Kuklis', 'Macedonia, The former Yugoslav Rep. of'), ('Krusevo', 'Macedonia, The former Yugoslav Rep. of'), ('Idrizovo', 'Macedonia, The former Yugoslav Rep. of'), ('Dzepciste', 'Macedonia, The former Yugoslav Rep. of'), ('Banamba', 'Mali'), ('Sittwe', 'Myanmar'), ('Shwebo', 'Myanmar'), ('Pyu', 'Myanmar'), ('Pyay', 'Myanmar'), ('Bago', 'Myanmar'), ('Monywa', 'Myanmar'), ('Mogok', 'Myanmar'), ('Meiktila', 'Myanmar'), ('Kayan', 'Myanmar'), ('Mandal', 'Mongolia'), ('Khovd', 'Mongolia'), ('Chandmani', 'Mongolia'), ('Bayan', 'Mongolia'), ('Tsant', 'Mongolia'), ('Modot', 'Mongolia'), ('Haraat', 'Mongolia'), ('Erhet', 'Mongolia'), ('Doloon', 'Mongolia'), ('Chandmani', 'Mongolia'), ('Avraga', 'Mongolia'), ('Arguut', 'Mongolia'), ('Amardalay', 'Mongolia'), ('Ulaanshiveet', 'Mongolia'), ('Nouamghar', 'Mauritania'), ('Tarxien', 'Malta'), ('Terre Rouge', 'Mauritius'), ('Lalmatie', 'Mauritius'), ('Cap Malheureux', 'Mauritius'), ('Un'goofaaru', 'Maldives'), ('Santa Martha', 'Mexico'), ('Tamcuime', 'Mexico'), ('Zempoala', 'Mexico'), ('Yutanduchi de Guerrero', 'Mexico'), ('Xuchapa', 'Mexico'), ('X-pichil', 'Mexico'), ('Xocen', 'Mexico'), ('Vizarron', 'Mexico'), ('Tuxtilla', 'Mexico'), ('Ciudad Tula', 'Mexico'), ('Tres Picos', 'Mexico'), ('Santiago Tlautla', 'Mexico'), ('Tlalnelhuayocan', 'Mexico'), ('Timucuy', 'Mexico'), ('Santiago Tillo', 'Mexico'), ('Tikuch', 'Mexico'), ('Teya', 'Mexico'), ('Teocelo', 'Mexico'), ('Tecamalucan', 'Mexico'), ('Tamazunchale', 'Mexico'), ('Sucopo', 'Mexico'), ('Soconusco', 'Mexico'), ('Xochiapa', 'Mexico'), ('Sochiapa', 'Mexico'), ('Santiago Apostol', 'Mexico'), ('Santiago Michac', 'Mexico'), ('Santiago Laxopa', 'Mexico'), ('Santa Maria la Alta', 'Mexico'), ('Santa Maria la Asuncion', 'Mexico'), ('Santa Clara', 'Mexico'), ('Santa Ana Coapan', 'Mexico'), ('Santa Adelaida', 'Mexico'), ('San Sebastian de Las Barrancas Sur', 'Mexico'), ('Cajonos', 'Mexico'), ('San Pablo Macuiltianguis', 'Mexico'), ('San Pablo Huitzo', 'Mexico'), ('San Miguel Suchixtepec', 'Mexico'), ('San Lucas el Viejo', 'Mexico'), ('Ixtenco', 'Mexico'), ('Coixtlahuaca', 'Mexico'), ('San Juan Amecac', 'Mexico'), ('San Jose Tzal', 'Mexico'), ('San Jeronimo Ocotitla', 'Mexico'), ('San Jacinto', 'Mexico'), ('San Ildefonso', 'Mexico'), ('San Felipe Coamango', 'Mexico'), ('San Bartolo Oxtotitlan', 'Mexico'), ('Sahcaba', 'Mexico'), ('Sabanas de Xalostoc', 'Mexico'), ('Rodulfo Figueroa', 'Mexico'), ('Plan de Ayala', 'Mexico'), ('Olinala', 'Mexico'), ('Monte Blanco', 'Mexico'), ('Miacatlan', 'Mexico'), ('Mecatepec', 'Mexico'), ('Mazumiapam', 'Mexico'), ('Mactun', 'Mexico'), ('Los Herreras', 'Mexico'), ('Los Guerra', 'Mexico'), ('Las Mesas', 'Mexico'), ('Congregacion Reforma', 'Mexico'), ('La Libertad', 'Mexico'), ('La Gloria', 'Mexico'), ('Kochol', 'Mexico'), ('Jonacapa', 'Mexico'), ('Ignacio Zaragoza', 'Mexico'), ('Huitzila', 'Mexico'), ('Huepalcalco (San Miguel)', 'Mexico'), ('Francisco I. Madero', 'Mexico'), ('Faja de Oro', 'Mexico'), ('Escolin de Olarte', 'Mexico'), ('El Llano', 'Mexico'), ('El Humo', 'Mexico'), ('Ejutla de Crespo', 'Mexico'), ('Ejido Viejo', 'Mexico'), ('Dzan', 'Mexico'), ('San Jose Cuamantzingo', 'Mexico'), ('Cruz Grande', 'Mexico'), ('Cruz Blanca', 'Mexico'), ('San Juan Coajomulco', 'Mexico'), ('Chontalpa', 'Mexico'), ('Chilon', 'Mexico'), ('Chicuasen', 'Mexico'), ('Chichihualco', 'Mexico'), ('Cerro Gordo', 'Mexico'), ('Calihuala', 'Mexico'), ('Beristain', 'Mexico'), ('Benito Juarez', 'Mexico'), ('Ayahualulco', 'Mexico'), ('Amilcingo', 'Mexico'), ('Santa Maria Amealco', 'Mexico'), ('Amatlan de los Reyes', 'Mexico'), ('Almoloya de Alquisiras', 'Mexico'), ('Aljojuca', 'Mexico'), ('Akumal', 'Mexico'), ('Ahuacatlan', 'Mexico'), ('Acula', 'Mexico'), ('San Lorenzo Achiotepec', 'Mexico'), ('Acatlan de Osorio', 'Mexico'), ('Acamixtla', 'Mexico'), ('Acajete', 'Mexico'), ('Santa Maria Puxmetacan', 'Mexico'), ('El Arador', 'Mexico'), ('San Juan Lachao', 'Mexico'), ('San Juan Lagunas', 'Mexico'), ('Santiago Tenango', 'Mexico'), ('San Lorenzo', 'Mexico'), ('Mariscala de Juarez', 'Mexico'), ('Teococuilco de Marcos Perez', 'Mexico'), ('Guadalupe Victoria', 'Mexico'), ('Culico 2da. Seccion', 'Mexico'), ('Dengantzha', 'Mexico'), ('Cardonal', 'Mexico'), ('Jesus Huitznahuac', 'Mexico'), ('Egipto', 'Mexico'), ('Jolja', 'Mexico'), ('La Competencia', 'Mexico'), ('San Francisco Pujiltic', 'Mexico'), ('Ricardo Flores Magon', 'Mexico'), ('Julian Grajales', 'Mexico'), ('Tamaulipas', 'Mexico'), ('La Candelaria Tlapala', 'Mexico'), ('San Francisco Mazapa', 'Mexico'), ('Puentecillas', 'Mexico'), ('Ejido Loma de Malacota', 'Mexico'), ('Quamila', 'Mexico'), ('El Progreso', 'Mexico'), ('Teacalco de Dorantes (San Jose Teacalco)', 'Mexico'), ('Texcalapa de Juarez', 'Mexico'), ('Castamay', 'Mexico'), ('Carrizalillo', 'Mexico'), ('Axaxacualco', 'Mexico'), ('Zotoltitlan', 'Mexico'), ('Xalatzala', 'Mexico'), ('Chiquila', 'Mexico'), ('San Angel', 'Mexico'), ('El Triunfo', 'Mexico'), ('Santa Rita', 'Mexico'), ('San Isidro el Berro', 'Mexico'), ('Manlio Fabio Altamirano', 'Mexico'), ('Miguel Hidalgo', 'Mexico'), ('Tula', 'Mexico'), ('San Francisco de Guzman', 'Mexico'), ('Santa Cruz Mextepec', 'Mexico'), ('Doxteje Centro', 'Mexico'), ('La Caridad', 'Mexico'), ('Santa Maria Tlalmimilolpan', 'Mexico'), ('Perez de Galeana', 'Mexico'), ('San Juan Pueblo Nuevo', 'Mexico'), ('Huilango', 'Mexico'), ('Ojo de Agua', 'Mexico'), ('Independencia', 'Mexico'), ('Ranchito de Castro', 'Mexico'), ('Primero de Mayo', 'Mexico'), ('Zacualpan', 'Mexico'), ('Yago', 'Mexico'), ('Villa Union', 'Mexico'), ('Union de San Antonio', 'Mexico'), ('Tuxcueca', 'Mexico'), ('Tlatlaya', 'Mexico'), ('Tlacuitapan', 'Mexico'), ('Tiripetio', 'Mexico'), ('Tierra Nueva', 'Mexico'), ('Tecoman', 'Mexico'), ('Tecate', 'Mexico'), ('Taretan', 'Mexico'), ('Tabasco', 'Mexico'), ('Zicuicho', 'Mexico'), ('San Vicente Ferrer', 'Mexico'), ('Santiago Oxtempan', 'Mexico'), ('Santa Maria del Oro', 'Mexico'), ('Santa Maria del Buaraje', 'Mexico'), ('Santa Cruz', 'Mexico'), ('Santa Clara', 'Mexico'), ('San Sebastian', 'Mexico'), ('San Miguel Zapotitlan', 'Mexico'), ('San Marcos', 'Mexico'), ('San Juan de la Vega', 'Mexico'), ('San Juan de la Vaqueria', 'Mexico'), ('San Isidro', 'Mexico'), ('San Antonio Guaracha', 'Mexico'), ('San Antonio de las Alazanas', 'Mexico'), ('San Agustin del Maiz', 'Mexico'), ('Rosales', 'Mexico'), ('Puacuaro', 'Mexico'), ('Portezuelo', 'Mexico'), ('Poncitlan', 'Mexico'), ('Pastor Rovaix', 'Mexico'), ('Pastelera', 'Mexico'), ('Paredes', 'Mexico'), ('Palau', 'Mexico'), ('Orduna de Abajo', 'Mexico'), ('Ocotlan', 'Mexico'), ('Norias del Refugio', 'Mexico'), ('Neutla', 'Mexico'), ('Nazareno', 'Mexico'), ('Mulege', 'Mexico'), ('Moyahua de Estrada', 'Mexico'), ('San Francisco del Mezquital', 'Mexico'), ('Maravillas', 'Mexico'), ('Los Pocitos', 'Mexico'), ('Placeres del Oro', 'Mexico'), ('Los Mochis', 'Mexico'), ('Los Gavilanes', 'Mexico'), ('Los Angeles', 'Mexico'), ('Las Varas', 'Mexico'), ('Higueras de los Natoches', 'Mexico'), ('Villa de la Paz', 'Mexico'), ('Jose Maria Morelos', 'Mexico'), ('Huancito', 'Mexico'), ('Guanajuato', 'Mexico'), ('Guanacevi', 'Mexico'), ('La Estanzuela', 'Mexico'), ('Ejido El Vergel', 'Mexico'), ('El Rosario', 'Mexico'), ('El Nilo', 'Mexico'), ('El Nacimiento', 'Mexico'), ('El Fuerte', 'Mexico'), ('El Colomo', 'Mexico'), ('El Castillo', 'Mexico'), ('El Carmen', 'Mexico'), ('El Burrion', 'Mexico'), ('Ejido Michoacan de Ocampo', 'Mexico'), ('Ejido Lazaro Cardenas', 'Mexico'), ('Doctor Arroyo', 'Mexico'), ('Divisaderos', 'Mexico'), ('Cuauhtemoc', 'Mexico'), ('Ciudad Lerdo', 'Mexico'), ('Jose Maria Morelos', 'Mexico'), ('Chalchihuites', 'Mexico'), ('Buenavista Tomatlan', 'Mexico'), ('Bellavista', 'Mexico'), ('Batopilas', 'Mexico'), ('Baburia', 'Mexico'), ('Araro', 'Mexico'), ('Ajuchitlan', 'Mexico'), ('Aconchi', 'Mexico'), ('Maravillas', 'Mexico'), ('Guadalupe de Atlas', 'Mexico'), ('El Tejocote (El Domingo)', 'Mexico'), ('San Ignacio de San Jose Parangueo', 'Mexico'), ('Caleras de Ameche', 'Mexico'), ('La Caja', 'Mexico'), ('Monte del Coecillo', 'Mexico'), ('Galeana', 'Mexico'), ('Isaac Arriaga (Santa Ana Mancera)', 'Mexico'), ('El Pilar', 'Mexico'), ('Huajumbaro', 'Mexico'), ('Uripitio', 'Mexico'), ('Pueblo Viejo', 'Mexico'), ('Rancho Viejo', 'Mexico'), ('Rincon de Jaimes', 'Mexico'), ('San Juan', 'Mexico'), ('Concepcion la Venta', 'Mexico'), ('San Pedro del Rincon', 'Mexico'), ('Morelita', 'Mexico'), ('Cofradia de Morelos', 'Mexico'), ('Cerro de la Cruz', 'Mexico'), ('Jesus Maria', 'Mexico'), ('San Ildefonso', 'Mexico'), ('Zapopan2', 'Mexico'), ('Estacion Tamuin', 'Mexico'), ('La Guasima', 'Mexico'), ('Hacienda Santa Fe', 'Mexico'), ('San Martin Azcatepec', 'Mexico'), ('Las Pintitas', 'Mexico'), ('Paseos de San Juan', 'Mexico'), ('El Suchil', 'Mexico'), ('Raudales Malpaso', 'Mexico'), ('Fraccionamiento los Angeles', 'Mexico'), ('Colinas del Roble', 'Mexico'), ('San Esteban (San Miguel Tateposco)', 'Mexico'), ('Forjadores de Pachuca', 'Mexico'), ('Colonia el Salado', 'Mexico'), ('San Bartolo', 'Mexico'), ('Genaro Estrada', 'Mexico'), ('Francisco Sarabia', 'Mexico'), ('Amatillo', 'Mexico'), ('Nachig', 'Mexico'), ('El Saucito (El Horno)', 'Mexico'), ('Los Cafetales', 'Mexico'), ('Buena Vista 1ra. Seccion', 'Mexico'), ('La Mesa', 'Mexico'), ('Puerto de Buenavista (Lazaro Cardenas)', 'Mexico'), ('Cartagena [Fraccionamiento]', 'Mexico'), ('Ejido de Mozoquilpan', 'Mexico'), ('Corral del Risco (Punta de Mita)', 'Mexico'), ('Arboledas', 'Mexico'), ('La Gloria', 'Mexico'), ('Coachiti', 'Mexico'), ('Zapotitlan Tablas', 'Mexico'), ('La Cuchilla (Extramuros de Tesistan)', 'Mexico'), ('Zona Urbana Ejidal', 'Mexico'), ('Hueyitlalpan', 'Mexico'), ('Colonia Aeropuerto', 'Mexico'), ('Ejido Patzcuaro', 'Mexico'), ('Colonia Palma', 'Mexico'), ('Temastian (La Cantera)', 'Mexico'), ('La Higuerita (Colonia San Rafael)', 'Mexico'), ('Alvaro Obregon', 'Mexico'), ('Colonia Juarez', 'Mexico'), ('Lomas de San Martin', 'Mexico'), ('Barrio la Teneria', 'Mexico'), ('Iztacapa', 'Mexico'), ('Colonia Lazaro Cardenas', 'Mexico'), ('Barrio la Joya', 'Mexico'), ('Pablo L. Sidar', 'Mexico'), ('Cerro Grande', 'Mexico'), ('Tomaquilapa', 'Mexico'), ('Emiliano Zapata', 'Mexico'), ('Colonia Miguel Hidalgo', 'Mexico'), ('Chipahuatlan', 'Mexico'), ('La Planada (El Arenal)', 'Mexico'), ('La Higuerilla (Los Lirios)', 'Mexico'), ('Banco Nacional', 'Mexico'), ('Rincon de Aguirre', 'Mexico'), ('San Juan Zapotitlan', 'Mexico'), ('Ejido Netzahualcoyotl', 'Mexico'), ('La Mezquitera', 'Mexico'), ('Pugchen Mumuntic', 'Mexico'), ('Buenos Aires (San Isidro)', 'Mexico'), ('Manzana la Cofradia', 'Mexico'), ('Tonalapa', 'Mexico'), ('Tlacpac', 'Mexico'), ('Benito Juarez', 'Mexico'), ('Estacion Huehuetan', 'Mexico'), ('San Juan Sautla', 'Mexico'), ('San Francisco Cuapa', 'Mexico'), ('San Jose las Palmas', 'Mexico'), ('Raub', 'Malaysia'), ('Sandakan', 'Malaysia'), ('Kudat', 'Malaysia'), ('Pantai Cenang', 'Malaysia'), ('Pemba', 'Mozambique'), ('Murrupula', 'Mozambique'), ('Mossuril', 'Mozambique'), ('Matola', 'Mozambique'), ('Mandimba', 'Mozambique'), ('Angoche', 'Mozambique'), ('Sanga', 'Mozambique'), ('Rehoboth', 'Namibia'), ('Oshikango', 'Namibia'), ('Touho', 'New Caledonia'), ('Poum', 'New Caledonia'), ('Paita', 'New Caledonia'), ('Zinder', 'Niger'), ('Tahoua', 'Niger'), ('I-n-Gall', 'Niger'), ('Dosso', 'Niger'), ('Zaki Biam', 'Nigeria'), ('Wannune', 'Nigeria'), ('Saki', 'Nigeria'), ('Sabongida-Ora', 'Nigeria'), ('Ruma', 'Nigeria'), ('Pindiga', 'Nigeria'), ('Ikot Abasi', 'Nigeria'), ('Ogbede', 'Nigeria'), ('Nzam', 'Nigeria'), ('Ngala', 'Nigeria'), ('Kwali', 'Nigeria'), ('Kumo', 'Nigeria'), ('Kontagora', 'Nigeria'), ('Konduga', 'Nigeria'), ('Ikem', 'Nigeria'), ('Iho', 'Nigeria'), ('Ido-Ekiti', 'Nigeria'), ('Gwadabawa', 'Nigeria'), ('Enugu', 'Nigeria'), ('Disina', 'Nigeria'), ('Dikenafai', 'Nigeria'), ('Dan Sadau', 'Nigeria'), ('Dabai', 'Nigeria'), ('Bukuru', 'Nigeria'), ('Bokani', 'Nigeria'), ('Boi', 'Nigeria'), ('Umundugba', 'Nigeria'), ('Abakaliki', 'Nigeria'), ('Koguna', 'Nigeria'), ('Ikot Edibon', 'Nigeria'), ('Rivas', 'Nicaragua'), ('Palacaguina', 'Nicaragua'), ('El Realejo', 'Nicaragua'), ('Catarina', 'Nicaragua'), ('Zetten', 'Netherlands'), ('Zaandam', 'Netherlands'), ('Woudenberg', 'Netherlands'), ('Wissenkerke', 'Netherlands'), ('Wildervank', 'Netherlands'), ('Westerhoven', 'Netherlands'), ('Wassenaar', 'Netherlands'), ('Veghel', 'Netherlands'), ('Veendam', 'Netherlands'), ('Vaals', 'Netherlands'), ('Uddel', 'Netherlands'), ('Tinga', 'Netherlands'), ('Spijk', 'Netherlands'), ('Slikkerveer', 'Netherlands');