INSERT INTO cities (name, cou_name_en) VALUES ('Houmakpin', 'Côte d'Ivoire'), ('Tome', 'Chile'), ('San Vicente', 'Chile'), ('Palena', 'Chile'), ('Machali', 'Chile'), ('Lebu', 'Chile'), ('La Tirana', 'Chile'), ('Chicureo', 'Chile'), ('Alto Hospicio', 'Chile'), ('Gomez Carreno', 'Chile'), ('Tchollire', 'Cameroon'), ('Nanga Eboko', 'Cameroon'), ('Mamfe', 'Cameroon'), ('Limbe', 'Cameroon'), ('Kribi', 'Cameroon'), ('Koza', 'Cameroon'), ('Garoua', 'Cameroon'), ('Belo', 'Cameroon'), ('Akom II', 'Cameroon'), ('Yingpan', 'China'), ('Wendong', 'China'), ('Qamdo', 'China'), ('Mekit', 'China'), ('Hotan', 'China'), ('Kambaxoi', 'China'), ('Nansan', 'China'), ('Kalpin', 'China'), ('Yitang', 'China'), ('Zhaozhuang', 'China'), ('Ning'an', 'China'), ('Yuxia', 'China'), ('Yunmeng Chengguanzhen', 'China'), ('Yongning', 'China'), ('Tangxing', 'China'), ('Yandong', 'China'), ('Yajiang', 'China'), ('Xuchang', 'China'), ('Xiyan', 'China'), ('Xinji', 'China'), ('Jingxi', 'China'), ('Xiayi Chengguanzhen', 'China'), ('Xi'an', 'China'), ('Wuyun', 'China'), ('Changde', 'China'), ('Weizhou', 'China'), ('Touying', 'China'), ('Fuding', 'China'), ('Tongren', 'China'), ('Taipingchang', 'China'), ('Songyuan', 'China'), ('Song Xian Chengguanzhen', 'China'), ('Shilu', 'China'), ('Shanhu', 'China'), ('Shazikou', 'China'), ('Shaoguan', 'China'), ('Shangcang', 'China'), ('Qingquan', 'China'), ('Shaji', 'China'), ('Chengxiang', 'China'), ('Qianling', 'China'), ('Pucheng', 'China'), ('Pingyin', 'China'), ('Wuping', 'China'), ('Panlong', 'China'), ('Xinning', 'China'), ('Neixiang Chengguanzhen', 'China'), ('Nanzhao', 'China'), ('Nan'an', 'China'), ('Minquan Chengguanzhen', 'China'), ('Mengcheng Chengguanzhen', 'China'), ('Majiadian', 'China'), ('Luyang', 'China'), ('Longcheng', 'China'), ('Lixin', 'China'), ('Tian'e', 'China'), ('Linshui', 'China'), ('Linjiang', 'China'), ('Chongwen', 'China'), ('Lichuan', 'China'), ('Leping', 'China'), ('Tianlin', 'China'), ('Juye', 'China'), ('Jifeng', 'China'), ('Xiluodu', 'China'), ('Jin'e', 'China'), ('Jinbi', 'China'), ('Daqinglu', 'China'), ('Jiayue', 'China'), ('Jiangkouxu', 'China'), ('Hufeng', 'China'), ('Huazangsi', 'China'), ('Huangxikou', 'China'), ('Huangmaoyuan', 'China'), ('Huangjinjing', 'China'), ('Huagai', 'China'), ('Hezuo', 'China'), ('Hancheng', 'China'), ('Gulaobei', 'China'), ('Guanyin', 'China'), ('Guanyang', 'China'), ('Guangshun', 'China'), ('Zishui', 'China'), ('Gaozhuang', 'China'), ('Gaoleshan', 'China'), ('Gaoguan', 'China'), ('Gantang', 'China'), ('Fugou Chengguanzhen', 'China'), ('Fengpu', 'China'), ('Fangshan', 'China'), ('Enjiang', 'China'), ('Ehen Hudag', 'China'), ('Dongcun', 'China'), ('Dengzhou', 'China'), ('Dalu', 'China'), ('Dajie', 'China'), ('Da'an', 'China'), ('Langchi', 'China'), ('Beimeng', 'China'), ('Beihuaidian', 'China'), ('Fulilu', 'China'), ('Dahedian', 'China'), ('Bashan', 'China'), ('Tonggu', 'China'), ('Zhisheng', 'China'), ('Baofeng', 'China'), ('Dashi', 'China'), ('Leiwang', 'China'), ('Liuping', 'China'), ('Wanghe', 'China'), ('Zhangzi', 'China'), ('Xingsha', 'China'), ('Tianshan', 'China'), ('Sunjia Buzi', 'China'), ('Fendou', 'China'), ('Mandalt', 'China'), ('Lianshan', 'China'), ('Jilin', 'China'), ('Jidong', 'China'), ('Fengcheng', 'China'), ('Bei'an', 'China'), ('Tailong', 'China'), ('Yanshan', 'China'), ('Dingcheng', 'China'), ('Lianjiang', 'China'), ('Weiyang', 'China'), ('Majie', 'China'), ('Sancang', 'China'), ('Mayuan', 'China'), ('Yangyong', 'China'), ('Wangzang', 'China'), ('Huatai', 'China'), ('Guanmian', 'China'), ('Maliu', 'China'), ('Changsha', 'China'), ('Houshan', 'China'), ('Changlong', 'China'), ('Shizhi', 'China'), ('Houping', 'China'), ('Huangxi', 'China'), ('Shipan', 'China'), ('Xiaochang', 'China'), ('Ping'an', 'China'), ('Fengcheng', 'China'), ('Cuiyun', 'China'), ('Wenhua', 'China'), ('Dongfeng', 'China'), ('Nanzhushan', 'China'), ('Fengyan', 'China'), ('Muliang', 'China'), ('Jinqiao', 'China'), ('Bailuquan', 'China'), ('Beitanzhuang', 'China'), ('Tianmen', 'China'), ('Yingwusitangcun', 'China'), ('Liubei', 'China'), ('Yunlong', 'China'), ('Wanggou', 'China'), ('Baicheng', 'China'), ('Hualong', 'China'), ('Xiufeng', 'China'), ('Zhangmianyi', 'China'), ('Guoye', 'China'), ('Kashitashi', 'China'), ('Akesalayi', 'China'), ('Caojie', 'China'), ('Puzi', 'China'), ('Zarzal', 'Colombia'), ('Yacopi', 'Colombia'), ('Venecia', 'Colombia'), ('Turbana', 'Colombia'), ('Tarapaca', 'Colombia'), ('Susacon', 'Colombia'), ('Somondoco', 'Colombia'), ('Socha Viejo', 'Colombia'), ('Santa Marta', 'Colombia'), ('Sandona', 'Colombia'), ('San Carlos', 'Colombia'), ('Rio Viejo', 'Colombia'), ('Pupiales', 'Colombia'), ('Puerto Rico', 'Colombia'), ('Puerto Colombia', 'Colombia'), ('Providencia', 'Colombia'), ('Planeta Rica', 'Colombia'), ('Planadas', 'Colombia'), ('Piojo', 'Colombia'), ('Santa Barbara de Pinto', 'Colombia'), ('Pijao', 'Colombia'), ('Piedecuesta', 'Colombia'), ('Payan', 'Colombia'), ('Oporapa', 'Colombia'), ('Nuqui', 'Colombia'), ('Monitos', 'Colombia'), ('Macanal', 'Colombia'), ('La Argentina', 'Colombia'), ('Guavata', 'Colombia'), ('Galapa', 'Colombia'), ('Fundacion', 'Colombia'), ('Espinal', 'Colombia'), ('Cumaribo', 'Colombia'), ('Confines', 'Colombia'), ('Chita', 'Colombia'), ('Chimichagua', 'Colombia'), ('Cartagena', 'Colombia'), ('Canasgordas', 'Colombia'), ('Calimita', 'Colombia'), ('Ariguani', 'Colombia'), ('Villanueva', 'Colombia'), ('El Dorado', 'Colombia'), ('Paraiso', 'Costa Rica'), ('Palmichal', 'Costa Rica'), ('Mercedes', 'Costa Rica'), ('Llorente', 'Costa Rica'), ('Varadero', 'Cuba'), ('Santa Cruz del Norte', 'Cuba'), ('Santa Clara', 'Cuba'), ('Rio Guayabal de Yateras', 'Cuba'), ('Pilon', 'Cuba'), ('Melena del Sur', 'Cuba'), ('Majagua', 'Cuba'), ('Jobabo', 'Cuba'), ('Holguin', 'Cuba'), ('Guanajay', 'Cuba'), ('El Cobre', 'Cuba'), ('Cruces', 'Cuba'), ('Cerro', 'Cuba'), ('Baguanos', 'Cuba'), ('Assomada', 'Cape Verde'), ('Flying Fish Cove', 'None'), ('Trikomo', 'Cyprus'), ('Psimolofou', 'Cyprus'), ('Pergamos', 'Cyprus'), ('Mesogi', 'Cyprus'), ('Deryneia', 'Cyprus'), ('Dvur Kralove nad Labem', 'Czech Republic'), ('Zleby', 'Czech Republic'), ('Zebrak', 'Czech Republic'), ('Zdiby', 'Czech Republic'), ('Velky Osek', 'Czech Republic'), ('Velke Mezirici', 'Czech Republic'), ('Velka Hlegsebe', 'Czech Republic'), ('Vacenovice', 'Czech Republic'), ('Trebon', 'Czech Republic'), ('Tecovice', 'Czech Republic'), ('Tasovice', 'Czech Republic'), ('Studena', 'Czech Republic'), ('Stochov', 'Czech Republic'), ('Stary Kolin', 'Czech Republic'), ('Stare Mesto', 'Czech Republic'), ('Stare Hradiste', 'Czech Republic'), ('Slapanice', 'Czech Republic'), ('Ronov nad Doubravou', 'Czech Republic'), ('Psary', 'Czech Republic'), ('Prusanky', 'Czech Republic'), ('Pribyslav', 'Czech Republic'), ('Prachovice', 'Czech Republic'), ('Pecka', 'Czech Republic'), ('Ostromer', 'Czech Republic'), ('Osek', 'Czech Republic'), ('Opatovice nad Labem', 'Czech Republic'), ('Nove Syrovice', 'Czech Republic'), ('Havinnes', 'Belgium'), ('Hamois', 'Belgium'), ('Hamoir', 'Belgium'), ('Grace-Berleur', 'Belgium'), ('Ghlin', 'Belgium'), ('Gent', 'Belgium'), ('Galmaarden', 'Belgium'), ('Fontaine-l'Eveque', 'Belgium'), ('Dilsen', 'Belgium'), ('Deinze', 'Belgium'), ('Buzet', 'Belgium'), ('Buizingen', 'Belgium'), ('Beverce', 'Belgium'), ('Bever', 'Belgium'), ('Berchem', 'Belgium'), ('Bazel', 'Belgium'), ('Baisy-Thy', 'Belgium'), ('As', 'Belgium'), ('Anseroeul', 'Belgium'), ('Achel', 'Belgium'), ('Sourgoubila', 'Burkina Faso'), ('Pissila', 'Burkina Faso'), ('Dedougou', 'Burkina Faso'), ('Dano', 'Burkina Faso'), ('Aribinda', 'Burkina Faso'), ('Topolovgrad', 'Bulgaria'), ('Teteven', 'Bulgaria'), ('Sitovo', 'Bulgaria'), ('Septemvri', 'Bulgaria'), ('Pavlikeni', 'Bulgaria'), ('Pavel Banya', 'Bulgaria'), ('Opaka', 'Bulgaria'), ('Rupite', 'Bulgaria'), ('Levski', 'Bulgaria'), ('Kiten', 'Bulgaria'), ('Hayredin', 'Bulgaria'), ('Karnobat', 'Bulgaria'), ('Elin Pelin', 'Bulgaria'), ('Byala', 'Bulgaria'), ('Aytos', 'Bulgaria'), ('Balgarevo', 'Bulgaria'), ('Al Muharraq', 'Bahrain'), ('Kirundo', 'Burundi'), ('Ouesse', 'Benin'), ('Bante', 'Benin'), ('Aplahoue', 'Benin'), ('Houinvigue', 'Benin'), ('Santa Ana de Yacuma', 'Bolivia'), ('Punata', 'Bolivia'), ('Huarina', 'Bolivia'), ('Vicencia', 'Brazil'), ('Varzea Alegre', 'Brazil'), ('Umarizal', 'Brazil'), ('Serra Branca', 'Brazil'), ('Nova Floresta', 'Brazil'), ('Natal', 'Brazil'), ('Massaranduba', 'Brazil'), ('Jundia', 'Brazil'), ('Delmiro Gouveia', 'Brazil'), ('Cumaru', 'Brazil'), ('Colinas', 'Brazil'), ('Cantanhede', 'Brazil'), ('Araioses', 'Brazil'), ('Alagoinha', 'Brazil'), ('Viamao', 'Brazil'), ('Tiradentes', 'Brazil'), ('Tijucas', 'Brazil'), ('Suzano', 'Brazil'), ('Sao Jose do Rio Pardo', 'Brazil'), ('Sao Joaquim da Barra', 'Brazil'), ('Sao Caetano do Sul', 'Brazil'), ('Santo Augusto', 'Brazil'), ('Santa Maria da Vitoria', 'Brazil'), ('Santa Barbara d'Oeste', 'Brazil'), ('Rolandia', 'Brazil'), ('Rodeio', 'Brazil'), ('Propria', 'Brazil'), ('Porto Feliz', 'Brazil'), ('Peruibe', 'Brazil'), ('Palmeira das Missoes', 'Brazil'), ('Oliveira dos Brejinhos', 'Brazil'), ('Olimpia', 'Brazil'), ('Monte Alegre de Sergipe', 'Brazil'), ('Marilandia', 'Brazil'), ('Mairinque', 'Brazil'), ('Lavras', 'Brazil'), ('Lagoa Vermelha', 'Brazil'), ('Ladario', 'Brazil'), ('Jandaia do Sul', 'Brazil'), ('Jacarezinho', 'Brazil'), ('Itororo', 'Brazil'), ('Itaqui', 'Brazil'), ('Imbituba', 'Brazil'), ('Icara', 'Brazil'), ('Guarulhos', 'Brazil'), ('Goianesia', 'Brazil'), ('Estancia', 'Brazil'), ('Erechim', 'Brazil'), ('Curvelo', 'Brazil'), ('Coxim', 'Brazil'), ('Coronel Fabriciano', 'Brazil'), ('Conselheiro Pena', 'Brazil'), ('Conchal', 'Brazil'), ('Conceicao do Jacuipe', 'Brazil'), ('Conceicao da Barra', 'Brazil'), ('Carmo do Rio Claro', 'Brazil'), ('Capitolio', 'Brazil'), ('Capim Grosso', 'Brazil'), ('Cambara', 'Brazil'), ('Bom Jesus do Itabapoana', 'Brazil'), ('Barbacena', 'Brazil'), ('Araguaiana', 'Brazil'), ('Alfredo Chaves', 'Brazil'), ('Sao Gabriel da Cachoeira', 'Brazil'), ('Manaus', 'Brazil'), ('Jaboatao dos Guararapes', 'Brazil'), ('Xinguara', 'Brazil'), ('Damiao', 'Brazil'), ('Ratholo', 'Botswana'), ('Palapye', 'Botswana'), ('Mopipi', 'Botswana'), ('Moijabana', 'Botswana'), ('Mathakola', 'Botswana'), ('Khakhea', 'Botswana'), ('Janeng', 'Botswana'), ('Hukuntsi', 'Botswana'), ('Zaslawye', 'Belarus'), ('Astravyets', 'Belarus'), ('Asnyezhytsy', 'Belarus'), ('Nyakhachava', 'Belarus'), ('Myadzyel', 'Belarus'), ('Mir', 'Belarus'), ('Lyubcha', 'Belarus'), ('Kokhanava', 'Belarus'), ('Khotsimsk', 'Belarus'), ('Ivanovo', 'Belarus'), ('Buda-Kashalyova', 'Belarus'), ('Peramoga', 'Belarus'), ('San Pedro', 'Belize'), ('Carmelita', 'Belize'), ('Aylmer', 'Canada'), ('Bedford', 'Canada'), ('Chilliwack', 'Canada'), ('Clarence-Rockland', 'Canada'), ('Coaticook', 'Canada'), ('Edmonton', 'Canada'), ('Fall River', 'Canada'), ('Fort Macleod', 'Canada'), ('Gananoque', 'Canada'), ('Happy Valley-Goose Bay', 'Canada'), ('Hawkesbury', 'Canada'), ('High River', 'Canada'), ('Iqaluit', 'Canada'), ('Moncton', 'Canada'), ('Nahanni Butte', 'Canada'), ('Notre-Dame-du-Mont-Carmel', 'Canada'), ('Paisley', 'Canada'), ('Peterborough', 'Canada'), ('Petrolia', 'Canada'), ('Prescott', 'Canada'), ('Saint-Barnabe-Sud', 'Canada'), ('Musaffah', 'United Arab Emirates'), ('Karukh', 'Afghanistan'), ('Chakaray', 'Afghanistan'), ('Sharan', 'Afghanistan'), ('Markat', 'Albania'), ('Tomin', 'Albania'), ('Stebleve', 'Albania'), ('Perrenjas-Fshat', 'Albania'), ('Proptisht', 'Albania'), ('Kelcyre', 'Albania'), ('Kastriot', 'Albania'), ('Kokaj', 'Albania'), ('Dardhas', 'Albania'), ('Vranisht', 'Albania'), ('Selite', 'Albania'), ('Luftinje', 'Albania'), ('Kuman', 'Albania'), ('Kruje', 'Albania'), ('Kolonje', 'Albania'), ('Divjake', 'Albania'), ('Dajc', 'Albania'), ('Bajram Curri', 'Albania'), ('Vedi', 'Armenia'), ('Shinuhayr', 'Armenia'), ('Noyakert', 'Armenia'), ('Goris', 'Armenia'), ('Akner', 'Armenia'), ('Vagharshapat', 'Armenia'), ('Tsovak', 'Armenia'), ('Tsaghkunk'', 'Armenia'), ('Nalbandyan', 'Armenia'), ('Darpas', 'Armenia'), ('Dalarik', 'Armenia'), ('Berd', 'Armenia'), ('Aygestan', 'Armenia'), ('Argavand', 'Armenia'), ('Myasnikyan', 'Armenia'), ('Griboyedov', 'Armenia'), ('Matala', 'Angola'), ('Lobito', 'Angola'), ('Cuito', 'Angola'), ('Villa San Justo', 'Argentina'), ('Reconquista', 'Argentina'), ('Piedras Blancas', 'Argentina'), ('Navarro', 'Argentina'), ('Miramar', 'Argentina'), ('Ita Ibate', 'Argentina'), ('General Vedia', 'Argentina'), ('Fontana', 'Argentina'), ('Carmen de Areco', 'Argentina'), ('Berisso', 'Argentina'), ('Villa de Maria', 'Argentina'), ('Villa Aberastain', 'Argentina'), ('Tres Lomas', 'Argentina'), ('Trelew', 'Argentina'), ('Totoras', 'Argentina'), ('Sunchales', 'Argentina'), ('San Lorenzo', 'Argentina'), ('San Blas de los Sauces', 'Argentina'), ('San Benito', 'Argentina'), ('Saldan', 'Argentina'), ('Rivadavia', 'Argentina'), ('Ramallo', 'Argentina'), ('Oro Verde', 'Argentina'), ('Miguel Riglos', 'Argentina'), ('San Jose de Metan', 'Argentina'), ('Lincoln', 'Argentina'), ('La Toma', 'Argentina'), ('Las Brenas', 'Argentina'), ('Junin', 'Argentina'), ('Granadero Baigorria', 'Argentina'), ('General La Madrid', 'Argentina'), ('Chazon', 'Argentina'), ('Campo Gallo', 'Argentina'), ('Arraga', 'Argentina'), ('Malaeimi', 'American Samoa'), ('Neu-Guntramsdorf', 'Austria'), ('Wolfsthal', 'Austria'), ('Wernersdorf', 'Austria'), ('Waengle', 'Austria'), ('Waldegg', 'Austria'), ('Unken', 'Austria'), ('Bad Traunstein', 'Austria'), ('Stronsdorf', 'Austria'), ('Steinbach am Attersee', 'Austria'), ('Stein an der Donau', 'Austria'), ('Stambach', 'Austria'), ('Spratzern', 'Austria'), ('Seyring', 'Austria'), ('Seggauberg', 'Austria'), ('Schoenwies', 'Austria'), ('Schildorn', 'Austria'), ('Sattledt', 'Austria'), ('Sankt Oswald bei Freistadt', 'Austria'), ('Sankt Michael im Burgenland', 'Austria'), ('Sankt Margarethen im Burgenland', 'Austria'), ('Sankt Marein bei Graz', 'Austria'), ('Sankt Lorenzen bei Knittelfeld', 'Austria'), ('Sankt Georgen an der Gusen', 'Austria'), ('Sallingberg', 'Austria'), ('Roehrenbach', 'Austria'), ('Rohrbach in Oberoesterreich', 'Austria'), ('Ritzing', 'Austria'), ('Rettenegg', 'Austria'), ('Poettsching', 'Austria'), ('Parndorf', 'Austria'), ('Palting', 'Austria'), ('Ossiach', 'Austria'), ('Oberwang', 'Austria'), ('Obervellach', 'Austria'), ('Obersdorf', 'Austria'), ('Oberschuetzen', 'Austria'), ('Neusiedl an der Zaya', 'Austria'), ('Neumarkt im Hausruckkreis', 'Austria'), ('Moenchhof', 'Austria'), ('Mitterberghuetten', 'Austria'), ('Mauerkirchen', 'Austria'), ('Maria Woerth', 'Austria'), ('Lunz am See', 'Austria'), ('Loipersbach im Burgenland', 'Austria'), ('Lilienfeld', 'Austria'), ('Lieboch', 'Austria'), ('Lang', 'Austria'), ('Kumberg', 'Austria'), ('Krumau am Kamp', 'Austria'), ('Koetschach', 'Austria'), ('Klingenbach', 'Austria'), ('Kirchdorf in Tirol', 'Austria'), ('Kierling', 'Austria'), ('Kaisersdorf', 'Austria'), ('Kaibing', 'Austria'), ('Jagerberg', 'Austria'), ('Inzersdorf im Kremstal', 'Austria'), ('Innerbraz', 'Austria'), ('Hopfgarten in Defereggen', 'Austria'), ('Hollersbach im Pinzgau', 'Austria'), ('Hippach', 'Austria'), ('Hatzendorf', 'Austria'), ('Haselbach', 'Austria'), ('Haiming', 'Austria'), ('Haag', 'Austria'), ('Gruenbach am Schneeberg', 'Austria'), ('Grosssulz', 'Austria'), ('Gramastetten', 'Austria'), ('Goetzendorf an der Leitha', 'Austria'), ('Goessendorf', 'Austria'), ('Gniebing', 'Austria'), ('Gneixendorf', 'Austria'), ('Gallspach', 'Austria'), ('Gallneukirchen', 'Austria'), ('Friedberg', 'Austria'), ('Ellmau', 'Austria'), ('Eggenburg', 'Austria'), ('Ebersdorf', 'Austria'), ('Eberndorf', 'Austria'), ('Bodensdorf', 'Austria'), ('Bildstein', 'Austria'), ('Bad Aussee', 'Austria'), ('Arnfels', 'Austria'), ('Altenburg', 'Austria'), ('Liebenfels', 'Austria'), ('Mellau', 'Austria'), ('Sticklberg', 'Austria'), ('Loitzenberg', 'Austria'), ('Wagin', 'Australia'), ('Trigg', 'Australia'), ('Sturt', 'Australia'), ('Seaton', 'Australia'), ('Port Lincoln', 'Australia'), ('Peterborough', 'Australia'), ('Merredin', 'Australia'), ('Mandurah', 'Australia'), ('Grasmere', 'Australia'), ('Glenelg', 'Australia'), ('Bedford Park', 'Australia'), ('Alyangula', 'Australia'), ('Wy Yung', 'Australia'), ('Williamstown', 'Australia'), ('Westbury', 'Australia'), ('Wantirna South', 'Australia'), ('Valley Heights', 'Australia'), ('Urraween', 'Australia'), ('Tuross Head', 'Australia'), ('Townsville', 'Australia'), ('Stockton', 'Australia'), ('Stawell', 'Australia'), ('Stanwell Park', 'Australia'), ('Saint Ives', 'Australia'), ('Rosebud', 'Australia'), ('Point Vernon', 'Australia'), ('Palmwoods', 'Australia'), ('Palm Beach', 'Australia'), ('Orange', 'Australia'), ('Oonoonba', 'Australia'), ('Barwon Heads', 'Australia'), ('Noosaville', 'Australia'), ('New Norfolk', 'Australia'), ('Mudgee', 'Australia'), ('Mount Macedon', 'Australia'), ('Mooloolaba', 'Australia'), ('Mont Albert', 'Australia'), ('Moggill', 'Australia'), ('Mitchelton', 'Australia'), ('Mareeba', 'Australia'), ('Malanda', 'Australia'), ('Malabar', 'Australia'), ('Lakes Entrance', 'Australia'), ('Lake Albert', 'Australia'), ('Kyabram', 'Australia'), ('Hughesdale', 'Australia'), ('Footscray', 'Australia'), ('Essendon', 'Australia'), ('Douglas Park', 'Australia'), ('Dorrigo', 'Australia'), ('Donald', 'Australia'), ('Cloncurry', 'Australia'), ('Caboolture', 'Australia'), ('Brisbane', 'Australia'), ('Boorowa', 'Australia'), ('Bongaree', 'Australia'), ('Bli Bli', 'Australia'), ('Belgian Gardens', 'Australia'), ('Bangalow', 'Australia'), ('Ascot Vale', 'Australia'), ('Sans Souci', 'Australia'), ('East Brisbane', 'Australia'), ('Maroochydore', 'Australia'), ('Umina Beach', 'Australia'), ('Wolli Creek', 'Australia'), ('Mount Buller', 'Australia'), ('Clayfield', 'Australia'), ('Rainbow Beach', 'Australia'), ('Salisbury East', 'Australia'), ('Ashwood', 'Australia'), ('Brassall', 'Australia'), ('Eastern Heights', 'Australia'), ('St Albans', 'Australia'), ('Summer Hill', 'Australia'), ('The Entrance North', 'Australia'), ('Burrum Heads', 'Australia'), ('Deeragun', 'Australia'), ('Saint Andrews Beach', 'Australia'), ('Tura Beach', 'Australia'), ('North Perth', 'Australia'), ('West Perth', 'Australia'), ('St Helens Park', 'Australia'), ('Horsley', 'Australia'), ('Woodvale', 'Australia'), ('Mickleham', 'Australia'), ('Golden Bay', 'Australia'), ('Fadden', 'Australia'), ('Mira Mar', 'Australia'), ('Pemulwuy', 'Australia'), ('Travancore', 'Australia'), ('Raby', 'Australia'), ('Newborough', 'Australia'), ('Riverside', 'Australia'), ('Ambarvale', 'Australia'), ('Buttaba', 'Australia'), ('Cranebrook', 'Australia'), ('Gailes', 'Australia'), ('Gaven', 'Australia'), ('Newtown', 'Australia'), ('Karabar', 'Australia'), ('East Victoria Park', 'Australia'), ('Palmyra', 'Australia'), ('Sadleir', 'Australia'), ('Machans Beach', 'Australia'), ('Tregear', 'Australia'), ('Jan Juc', 'Australia'), ('McCracken', 'Australia'), ('Falcon', 'Australia'), ('Landsdale', 'Australia'), ('Avoca', 'Australia'), ('Ooralea', 'Australia'), ('Hendra', 'Australia'), ('Floreat', 'Australia'), ('Glenroy', 'Australia'), ('Weston', 'Australia'), ('Tivoli', 'Australia'), ('Seddon', 'Australia'), ('Bardwell Valley', 'Australia'), ('Carramar', 'Australia'), ('Denistone', 'Australia'), ('Peakhurst Heights', 'Australia'), ('West Ryde', 'Australia'), ('Semaphore Park', 'Australia'), ('West Lakes Shore', 'Australia'), ('Somerton Park', 'Australia'), ('Oaklands Park', 'Australia'), ('Lower Mitcham', 'Australia'), ('Trinity Gardens', 'Australia'), ('Ferryden Park', 'Australia'), ('Salisbury Park', 'Australia'), ('Modbury Heights', 'Australia'), ('Saint-Isidore', 'Canada'), ('Saint-Zotique', 'Canada'), ('Scarborough Village', 'Canada'), ('Seaforth', 'Canada'), ('The Beaches', 'Canada'), ('Truro', 'Canada'), ('Val-d'Or', 'Canada'), ('Vanderhoof', 'Canada'), ('Warman', 'Canada'), ('Waterford', 'Canada'), ('Wawa', 'Canada'), ('Portneuf', 'Canada'), ('Tofino', 'Canada'), ('Saint-Pascal', 'Canada'), ('McEwen', 'Canada'), ('Parc-Boutin', 'Canada'), ('South Riverdale', 'Canada'), ('Beechborough-Greenbrook', 'Canada'), ('Lusambo', 'Congo, Democratic Republic of the'), ('Kindu', 'Congo, Democratic Republic of the'), ('Kananga', 'Congo, Democratic Republic of the'), ('Kambove', 'Congo, Democratic Republic of the'), ('Mushie', 'Congo, Democratic Republic of the'), ('Moanda', 'Congo, Democratic Republic of the'), ('Kembe', 'Central African Republic'), ('Bimbo', 'Central African Republic'), ('Baboua', 'Central African Republic'), ('Bouansa', 'Congo'), ('Nkayi', 'Congo'), ('Zuerich (Kreis 3) / Alt-Wiedikon', 'Switzerland'), ('Wangen', 'Switzerland'), ('Villaz-Saint-Pierre', 'Switzerland'), ('Steckborn', 'Switzerland'), ('Speicher', 'Switzerland'), ('Silvaplana', 'Switzerland'), ('Sigriswil', 'Switzerland'), ('Saint-Cergue', 'Switzerland'), ('Effretikon / Rikon', 'Switzerland'), ('Pura', 'Switzerland'), ('Pfyn', 'Switzerland'), ('Orsieres', 'Switzerland'), ('Olten', 'Switzerland'), ('Wichtrach', 'Switzerland'), ('Neuenkirch', 'Switzerland'), ('Neudorf', 'Switzerland'), ('Muttenz', 'Switzerland'), ('Menznau', 'Switzerland'), ('Malans', 'Switzerland'), ('Konolfingen', 'Switzerland'), ('Huttwil', 'Switzerland'), ('Hildisrieden', 'Switzerland'), ('Greifensee', 'Switzerland'), ('Grand-Savagnier', 'Switzerland'), ('Grabs', 'Switzerland'), ('Flamatt', 'Switzerland'), ('Feldmeilen', 'Switzerland'), ('Erlen', 'Switzerland'), ('Embrach', 'Switzerland'), ('Courroux', 'Switzerland'), ('Carouge', 'Switzerland'), ('Alle', 'Switzerland'), ('Buelach / Gstueckt', 'Switzerland'), ('Kloten / Hostrass', 'Switzerland'), ('Niederhasli', 'Switzerland'), ('Adliswil / Oberleimbach', 'Switzerland'), ('Adliswil / Tal', 'Switzerland'), ('Waedenswil / Bueelen', 'Switzerland'), ('Waedenswil / Eichweid', 'Switzerland'), ('Waedenswil / Boller-Giessen', 'Switzerland'), ('Moenchaltorf / Dorf', 'Switzerland'), ('Uster / Kirch-Uster', 'Switzerland'), ('Seen (Kreis 3) / Waser', 'Switzerland'), ('Seen (Kreis 3) / Ganzenbuehl', 'Switzerland'), ('Zuerich (Kreis 1) / City', 'Switzerland'), ('Zuerich (Kreis 9) / Albisrieden', 'Switzerland'), ('Oberurnen', 'Switzerland'), ('Oberhuenigen', 'Switzerland'), ('Zouzoua', 'Côte d'Ivoire'), ('Zaguinasso', 'Côte d'Ivoire'), ('Zele', 'Côte d'Ivoire'), ('Zata', 'Côte d'Ivoire'), ('Zangbople', 'Côte d'Ivoire'), ('Zakoua', 'Côte d'Ivoire'), ('Zahirogbeu', 'Côte d'Ivoire'), ('Za', 'Côte d'Ivoire'), ('Yomian Kouadiokro', 'Côte d'Ivoire'), ('Yakasse-Feyasse', 'Côte d'Ivoire'), ('Wendene', 'Côte d'Ivoire'), ('Ouamelhoro', 'Côte d'Ivoire'), ('Welelokaha', 'Côte d'Ivoire'), ('Ouanderama-Dioulasso', 'Côte d'Ivoire'), ('Kiemou', 'Côte d'Ivoire'), ('Tyegana', 'Côte d'Ivoire'), ('Trokolimpleu', 'Côte d'Ivoire'), ('Sussu Yakro', 'Côte d'Ivoire'), ('Soungasa', 'Côte d'Ivoire'), ('Songori', 'Côte d'Ivoire'), ('Siahe', 'Côte d'Ivoire'), ('Serekorola', 'Côte d'Ivoire'), ('Seileu', 'Côte d'Ivoire'), ('San-Pedro', 'Côte d'Ivoire'), ('Sanhouti', 'Côte d'Ivoire'), ('Sahabo', 'Côte d'Ivoire'), ('Pokoutou', 'Côte d'Ivoire'), ('Podoue', 'Côte d'Ivoire'), ('Pambariba', 'Côte d'Ivoire'), ('Pacobo', 'Côte d'Ivoire'), ('Ouyabli', 'Côte d'Ivoire'), ('Ourouta', 'Côte d'Ivoire'), ('Oufouediekro', 'Côte d'Ivoire'), ('Nongon', 'Côte d'Ivoire'), ('Nimbiasso', 'Côte d'Ivoire'), ('Nigui Saff', 'Côte d'Ivoire'), ('Niamabo', 'Côte d'Ivoire'), ('Neoulefla', 'Côte d'Ivoire'), ('N'deou', 'Côte d'Ivoire'), ('Nafadougou', 'Côte d'Ivoire'), ('Medibli', 'Côte d'Ivoire'), ('Mankono', 'Côte d'Ivoire'), ('Mamougou', 'Côte d'Ivoire'), ('Manmin', 'Côte d'Ivoire'), ('Loulo', 'Côte d'Ivoire'), ('Loubria', 'Côte d'Ivoire'), ('Kripayo', 'Côte d'Ivoire'), ('Krigambo', 'Côte d'Ivoire'), ('Kplessou', 'Côte d'Ivoire'), ('Kpata', 'Côte d'Ivoire'), ('Kpanzaopleu', 'Côte d'Ivoire'), ('Koulikoro', 'Côte d'Ivoire'), ('Konde Yaokro', 'Côte d'Ivoire'), ('Koulotyokaha', 'Côte d'Ivoire'), ('Kouata', 'Côte d'Ivoire'), ('Kouassi Kouamekro', 'Côte d'Ivoire'), ('Kotoula', 'Côte d'Ivoire'), ('Korotou', 'Côte d'Ivoire'), ('Korobo', 'Côte d'Ivoire'), ('Korhogo', 'Côte d'Ivoire'), ('Korea', 'Côte d'Ivoire'), ('Koni', 'Côte d'Ivoire'), ('Kongossou', 'Côte d'Ivoire'), ('Kondorobo', 'Côte d'Ivoire'), ('Acton Park', 'Australia'), ('Rankin Park', 'Australia'), ('East Launceston', 'Australia'), ('North Bendigo', 'Australia'), ('East Kempsey', 'Australia'), ('Santa Cruz', 'Aruba'), ('Mariehamn', 'None'), ('Lankaran', 'Azerbaijan'), ('Qasim Ismayilov', 'Azerbaijan'), ('Mingelchaur', 'Azerbaijan'), ('Gilgilcay', 'Azerbaijan'), ('Bilajer', 'Azerbaijan'), ('Vrnograc', 'Bosnia and Herzegovina'), ('Patkovaca', 'Bosnia and Herzegovina'), ('Otoka', 'Bosnia and Herzegovina'), ('Korace', 'Bosnia and Herzegovina'), ('Jezerski', 'Bosnia and Herzegovina'), ('Ilijas', 'Bosnia and Herzegovina'), ('Shibganj', 'Bangladesh'), ('Bagerhat', 'Bangladesh'), ('Pabna', 'Bangladesh'), ('Bogra', 'Bangladesh'), ('Westkerke', 'Belgium'), ('Wepion', 'Belgium'), ('Wanfercee-Baulet', 'Belgium'), ('Walhain-Saint-Paul', 'Belgium'), ('Vreren', 'Belgium'), ('Vrasene', 'Belgium'), ('Vielsalm', 'Belgium'), ('Tilleur', 'Belgium'), ('Testelt', 'Belgium'), ('Strepy-Bracquegnies', 'Belgium'), ('Snaaskerke', 'Belgium'), ('Seneffe', 'Belgium'), ('Schulen', 'Belgium'), ('Schaffen', 'Belgium'), ('Saint-Sauveur', 'Belgium'), ('Rocherath', 'Belgium'), ('Raeren', 'Belgium'), ('Paal', 'Belgium'), ('Overmere', 'Belgium'), ('Ouffet', 'Belgium'), ('Opdorp', 'Belgium'), ('Oosterzele', 'Belgium'), ('Obaix', 'Belgium'), ('Nederboelare', 'Belgium'), ('Mont-Sainte-Aldegonde', 'Belgium'), ('Molenstede', 'Belgium'), ('Mol', 'Belgium'), ('Melle', 'Belgium'), ('Manderfeld', 'Belgium'), ('Lint', 'Belgium'), ('Letterhoutem', 'Belgium'), ('Lens-sur-Geer', 'Belgium'), ('Langdorp', 'Belgium'), ('Kerkom', 'Belgium'), ('Izel', 'Belgium'), ('Huise', 'Belgium'), ('Hollain', 'Belgium'), ('Herselt', 'Belgium'), ('Mosty u Jablunkova', 'Czech Republic'), ('Mostek', 'Czech Republic'), ('Mlade Buky', 'Czech Republic'), ('Lipuvka', 'Czech Republic'), ('Konice', 'Czech Republic'), ('Klimkovice', 'Czech Republic'), ('Karolinka', 'Czech Republic'), ('Jihlava', 'Czech Republic'), ('Hradec nad Svitavou', 'Czech Republic'), ('Hostka', 'Czech Republic'), ('Horni Stepanov', 'Czech Republic'), ('Horni Sloupnice', 'Czech Republic'), ('Horni Briza', 'Czech Republic'), ('Dub nad Moravou', 'Czech Republic'), ('Domazlice', 'Czech Republic'), ('Dolni Bousov', 'Czech Republic'), ('Cerveny Kostelec', 'Czech Republic'), ('Cercany', 'Czech Republic'), ('Bystrice nad Pernstejnem', 'Czech Republic'), ('Breclav', 'Czech Republic'), ('Blizejov', 'Czech Republic'), ('Bilovice nad Svitavou', 'Czech Republic'), ('Bila Tremesna', 'Czech Republic'), ('Benesov', 'Czech Republic'), ('Zwickau', 'Germany'), ('Zappendorf', 'Germany'), ('Zangberg', 'Germany'), ('Zandt', 'Germany'), ('Wusterwitz', 'Germany'), ('Wulknitz', 'Germany'), ('Wolfen', 'Germany'), ('Wittingen', 'Germany'), ('Wismar', 'Germany'), ('Wirges', 'Germany'), ('Wilhelmsfeld', 'Germany'), ('Wilburgstetten', 'Germany'), ('Weste', 'Germany'), ('Werl', 'Germany'), ('Werftpfuhl', 'Germany'), ('Weitenhagen', 'Germany'), ('Weibern', 'Germany'), ('Weferlingen', 'Germany'), ('Wangels', 'Germany'), ('Wang', 'Germany'), ('Walschleben', 'Germany'), ('Wallersdorf', 'Germany'), ('Velden', 'Germany'), ('Unterwellenborn', 'Germany'), ('Tuningen', 'Germany'), ('Tuchenbach', 'Germany'), ('Tuebingen', 'Germany'), ('Trostberg an der Alz', 'Germany'), ('Trollenhagen', 'Germany'), ('Train', 'Germany'), ('Tiefenbronn', 'Germany'), ('Tegernsee', 'Germany'), ('Tann', 'Germany'), ('Tamm', 'Germany'), ('Stuhr', 'Germany'), ('Stephanskirchen', 'Germany'), ('Stelle', 'Germany'), ('Steinkirchen', 'Germany'), ('Steinheim', 'Germany');